Ticket Type,Payment Status,Tags,Paid Date,Price,# invoice policy #,Invoiced Company Name / 發票抬頭 (Optional),Unified Business No. / 發票統編 (Optional),Dietary Habit / 餐點偏好,Need Shuttle Bus Service? 會議兩天的早上  要搭交通車到會場嗎?,Size of T-shirt / T恤尺寸,Years of Using Python / 使用 Python 多久,Area of Interest / 興趣領域,"Company  / 服務單位 (For students or teachers, fill in the School + Department Name)","Job Title / 職稱 (If you are a student, fill in ""student"")",Come From / 國家或地區,Gender / 生理性別,Attendance Book
Regular 原價,paid,,2019-07-31,5500,,微程式資訊股份有限公司,89798198,Normal / 一般,"Yes, Wait for the Bus at Nangang Expo Center. 需要, 會在南港展覽館候車",M / 胸寬(F.W.): 50cm / 衣長(C.L.): 71cm,1 到 5 年,"AI, Machine Learning, DevOps, Security, Web Technology",Microprogram,System engineer,Taiwan 台灣,Other / 其它,
Regular 原價,paid,,2019-07-31,5500,,至善資訊有限公司,82808657,Normal / 一般,No. 不需要,L / 胸寬(F.W.): 53cm / 衣長(C.L.): 73cm,5 到 10 年,"AI, Machine Learning, DevOps, Security, Web Technology, Internet of Things",至善資訊有限公司,Founder/CEO,Taiwan 台灣,Male / 男性,
Regular 原價,paid,,2019-07-31,5500,,財團法人工業技術研究院,2750963,Normal / 一般,"Yes, Wait for the Bus at Nangang Expo Center. 需要, 會在南港展覽館候車",L / 胸寬(F.W.): 53cm / 衣長(C.L.): 73cm,1 到 5 年,"AI, Machine Learning, Fintech, Business, DevOps, Security",工業技術研究院,工程師,Taiwan 台灣,Male / 男性,
Regular 原價,paid,,2019-08-01,5500,,工業技術研究院,2750963,Normal / 一般,"Yes, Wait for the Bus at Nangang Expo Center. 需要, 會在南港展覽館候車",L / 胸寬(F.W.): 53cm / 衣長(C.L.): 73cm,1 到 5 年,"AI, Machine Learning, Fintech, Business, Web Technology",工業技術研究院,工程師,Taiwan 台灣,Female / 女性,
Regular 原價,paid,,2019-07-31,5500,,亞洲遊科技股份有限公司,54339351,Normal / 一般,"Yes, Wait for the Bus at Nangang Expo Center. 需要, 會在南港展覽館候車",L / 胸寬(F.W.): 53cm / 衣長(C.L.): 73cm,1 到 5 年,"AI, Machine Learning, Fintech, Business, DevOps, Security, Web Technology, Science, Technology, Engineering & Mathematics",AsiaYo,Backend Engineer,Taiwan 台灣,Male / 男性,
Regular 原價,paid,,2019-07-31,5500,,特雷維科技有限公司,55000139,Normal / 一般,No. 不需要,S / 胸寬(F.W.): 48cm / 衣長(C.L.): 68cm,1 年以內,"Fintech, Business, DevOps, Security, Web Technology, Entrepreneurship, Startup, Internet of Things",,,,,
Regular 原價,paid,,2019-08-01,5500,,工業技術研究院,2750963,Vegetarian / 素食者,"Yes, Wait for the Bus at Nangang Expo Center. 需要, 會在南港展覽館候車",XL / 胸寬(F.W.): 56cm / 衣長(C.L.): 75cm,5 到 10 年,"AI, Machine Learning, Fintech, Business, DevOps, Security, Web Technology, Science, Technology, Engineering & Mathematics, Entrepreneurship, Startup",工業技術研究院,工程師,Taiwan 台灣,Male / 男性,
Regular 原價,paid,,2019-08-02,5500,,趨勢科技股份有限公司,23310837,Normal / 一般,"Yes, Wait for the Bus at Nangang Expo Center. 需要, 會在南港展覽館候車",XL / 胸寬(F.W.): 56cm / 衣長(C.L.): 75cm,1 到 5 年,"AI, Machine Learning, Web Technology, Science, Technology, Engineering & Mathematics",趨勢科技股份有限公司,Engineer,Taiwan 台灣,Male / 男性,
Regular 原價,paid,,2019-08-02,5500,,趨勢科技股份有限公司,23310837,Normal / 一般,"Yes, Wait for the Bus at Nangang Expo Center. 需要, 會在南港展覽館候車",M / 胸寬(F.W.): 50cm / 衣長(C.L.): 71cm,1 到 5 年,"Fintech, Business, DevOps, Security, Entrepreneurship, Startup",趨勢科技股份有限公司,intern,Taiwan 台灣,Male / 男性,
Regular 原價,paid,,2019-08-06,5500,,瑞昱半導體股份有限公司,22671299,Normal / 一般,"Yes, Wait for the Bus at Nangang Expo Center. 需要, 會在南港展覽館候車",M / 胸寬(F.W.): 50cm / 衣長(C.L.): 71cm,1 到 5 年,"AI, Machine Learning, Fintech, Business, Web Technology, Science, Technology, Engineering & Mathematics, Sustainability, Health & Wellness",Realtek Semiconductor Corp.,Data Engineer,Taiwan 台灣,Female / 女性,
Regular 原價,paid,,2019-08-06,5500,,瑞昱半導體股份有限公司,22671299,Normal / 一般,"Yes, Wait for the Bus at Nangang Expo Center. 需要, 會在南港展覽館候車",M / 胸寬(F.W.): 50cm / 衣長(C.L.): 71cm,1 到 5 年,"AI, Machine Learning, Fintech, Business, Web Technology, Entrepreneurship, Startup",,,Taiwan 台灣,Male / 男性,
Regular 原價,paid,,2019-08-06,5500,,財團法人國家實驗研究院國家高速網路與計算中心,80778299,Normal / 一般,"Yes, Wait for the Bus at Nangang Expo Center. 需要, 會在南港展覽館候車",M / 胸寬(F.W.): 50cm / 衣長(C.L.): 71cm,1 到 5 年,"AI, Machine Learning, Fintech, Business, DevOps, Security, Web Technology, Science, Technology, Engineering & Mathematics, Entrepreneurship, Startup, Internet of Things, Education, Human Resource, Arts, Design, Multimedia, Sustainability, Health & Wellness",,,Taiwan 台灣,Female / 女性,
GroupBuy,paid,,2019-08-08,0,,中國信託商業銀行股份有限公司,3077208,Normal / 一般,No. 不需要,S / 胸寬(F.W.): 48cm / 衣長(C.L.): 68cm,1 到 5 年,"AI, Machine Learning",中國信託,經理,Taiwan 台灣,Male / 男性,
GroupBuy,paid,,2019-08-11,0,,台灣資料科學股份有限公司,55682177,Normal / 一般,"Yes, Wait for the Bus at Nangang Expo Center. 需要, 會在南港展覽館候車",M / 胸寬(F.W.): 50cm / 衣長(C.L.): 71cm,1 到 5 年,"AI, Machine Learning, Fintech, Business, DevOps, Security, Science, Technology, Engineering & Mathematics, Entrepreneurship, Startup, Education, Human Resource",台灣資料科學股份有限公司,數據工程師,Taiwan 台灣,Male / 男性,
GroupBuy,paid,,2019-08-12,0,,中國信託商業銀行股份有限公司,3077208,Normal / 一般,"Yes, Wait for the Bus at Nangang Expo Center. 需要, 會在南港展覽館候車",M / 胸寬(F.W.): 50cm / 衣長(C.L.): 71cm,1 年以內,"AI, Machine Learning, Fintech, Business, Sustainability, Health & Wellness",中國信託 數據研究發展中心,數據分析師,Taiwan 台灣,Male / 男性,
GroupBuy,paid,,2019-08-12,0,,中國信託商業銀行,3077208,Normal / 一般,"Yes, Wait for the Bus at Nangang Expo Center. 需要, 會在南港展覽館候車",XL / 胸寬(F.W.): 56cm / 衣長(C.L.): 75cm,1 到 5 年,"AI, Machine Learning, Fintech, Business",中國信託 數研發,經理,Taiwan 台灣,Male / 男性,
Regular 原價,paid,,2019-08-13,5500,,一零四資訊科技股份有限公司,84598349,Normal / 一般,No. 不需要,L / 胸寬(F.W.): 53cm / 衣長(C.L.): 73cm,1 到 5 年,"AI, Machine Learning, DevOps, Security",雲端架構營運部,資深工程師,Taiwan 台灣,Male / 男性,
Regular 原價,paid,,2019-08-14,5500,,艾西斯資訊有限公司,55643294,Normal / 一般,"Yes, Wait for the Bus at Nangang Expo Center. 需要, 會在南港展覽館候車",M / 胸寬(F.W.): 50cm / 衣長(C.L.): 71cm,1 到 5 年,"AI, Machine Learning",艾西斯資訊有限公司,技術長,Taiwan 台灣,Male / 男性,
Regular 原價,paid,,2019-08-14,5500,,艾西斯資訊有限公司,55643294,Normal / 一般,No. 不需要,M / 胸寬(F.W.): 50cm / 衣長(C.L.): 71cm,1 到 5 年,"AI, Machine Learning, Fintech, Business, DevOps, Security, Web Technology, Science, Technology, Engineering & Mathematics, Entrepreneurship, Startup, Internet of Things, Education, Human Resource, Arts, Design, Multimedia, Sustainability, Health & Wellness",艾西斯資訊有限公司,資料科學家,Taiwan 台灣,Male / 男性,
Regular 原價,paid,,2019-08-14,5500,,台灣國際商業機器股份有限公司,11917900,Normal / 一般,No. 不需要,S / 胸寬(F.W.): 48cm / 衣長(C.L.): 68cm,1 到 5 年,"AI, Machine Learning, DevOps, Security, Science, Technology, Engineering & Mathematics, Entrepreneurship, Startup, Internet of Things, Education, Human Resource, Arts, Design, Multimedia, Sustainability, Health & Wellness",IBM,software engineer,Taiwan 台灣,Male / 男性,
Regular 原價,paid,,2019-08-15,5500,,資廚管理顧問股份有限公司,53750585,Normal / 一般,"Yes, Wait for the Bus at Nangang Expo Center. 需要, 會在南港展覽館候車",XL / 胸寬(F.W.): 56cm / 衣長(C.L.): 75cm,1 到 5 年,"AI, Machine Learning, Fintech, Business, DevOps, Security, Science, Technology, Engineering & Mathematics, Entrepreneurship, Startup",iCHEF,CIO,Taiwan 台灣,Male / 男性,
Regular 原價,paid,,2019-08-16,5500,,財團法人國家實驗研究院國家太空中心,80778312,Normal / 一般,"Yes, Wait for the Bus at Nangang Expo Center. 需要, 會在南港展覽館候車",XL / 胸寬(F.W.): 56cm / 衣長(C.L.): 75cm,1 年以內,"AI, Machine Learning",國家太空中心,助理研究員,Taiwan 台灣,Male / 男性,
GroupBuy,paid,,2019-08-16,0,,,,Normal / 一般,"Yes, Wait for the Bus at Nangang Expo Center. 需要, 會在南港展覽館候車",M / 胸寬(F.W.): 50cm / 衣長(C.L.): 71cm,1 到 5 年,"AI, Machine Learning, Fintech, Business, Science, Technology, Engineering & Mathematics, Entrepreneurship, Startup, Internet of Things, Education, Human Resource, Arts, Design, Multimedia, Sustainability, Health & Wellness",Gogoro,Engineer,Taiwan 台灣,Male / 男性,
GroupBuy,paid,,2019-08-16,0,,英屬開曼群島商睿能新動力股份有限公司台灣分公司,54387162,Normal / 一般,No. 不需要,S / 胸寬(F.W.): 48cm / 衣長(C.L.): 68cm,1 年以內,"AI, Machine Learning, DevOps, Security, Science, Technology, Engineering & Mathematics",gogoro,Sr. Engineer,Taiwan 台灣,Female / 女性,
GroupBuy,paid,,2019-08-16,0,,天堂遊戲有限公司,43941122,Normal / 一般,"Yes, Wait for the Bus at Nangang Expo Center. 需要, 會在南港展覽館候車",L / 胸寬(F.W.): 53cm / 衣長(C.L.): 73cm,5 到 10 年,"AI, Machine Learning, DevOps, Security, Web Technology, Entrepreneurship, Startup",天堂遊戲,工程師,Taiwan 台灣,Male / 男性,
GroupBuy,paid,,2019-08-16,0,,天堂遊戲有限公司,43941122,Normal / 一般,"Yes, Wait for the Bus at Nangang Expo Center. 需要, 會在南港展覽館候車",S / 胸寬(F.W.): 48cm / 衣長(C.L.): 68cm,1 年以內,,,,,,
GroupBuy,paid,,2019-08-16,0,,Gogoro,Gogoro,Normal / 一般,"Yes, Wait for the Bus at Nangang Expo Center. 需要, 會在南港展覽館候車",M / 胸寬(F.W.): 50cm / 衣長(C.L.): 71cm,1 到 5 年,"AI, Machine Learning, DevOps, Security, Web Technology, Science, Technology, Engineering & Mathematics, Internet of Things, Arts, Design, Multimedia",,Visualization Engineer,Taiwan 台灣,Male / 男性,
GroupBuy,paid,,2019-08-16,0,,英屬開曼群島商睿能新動力股份有限公司台灣分公司,54387162,Normal / 一般,"Yes, Wait for the Bus at Nangang Expo Center. 需要, 會在南港展覽館候車",L / 胸寬(F.W.): 53cm / 衣長(C.L.): 73cm,5 到 10 年,"AI, Machine Learning, Fintech, Business, Science, Technology, Engineering & Mathematics",Gogoro,Engineer,Taiwan 台灣,Male / 男性,
Regular 原價,paid,,2019-08-16,5500,,Commerce Development Research Institute,48902416,Normal / 一般,No. 不需要,L / 胸寬(F.W.): 53cm / 衣長(C.L.): 73cm,1 到 5 年,"Fintech, Business, Science, Technology, Engineering & Mathematics, Entrepreneurship, Startup, Internet of Things, Education, Human Resource, Sustainability, Health & Wellness",National Taiwan University Information Management,student,Taiwan 台灣,Male / 男性,
GroupBuy,paid,,2019-08-17,0,,,,Normal / 一般,"Yes, Wait for the Bus at Nangang Expo Center. 需要, 會在南港展覽館候車",S / 胸寬(F.W.): 48cm / 衣長(C.L.): 68cm,1 到 5 年,"AI, Machine Learning, Web Technology",Dcard,Data Engineer,Taiwan 台灣,Male / 男性,
GroupBuy,paid,,2019-08-17,0,,,,Normal / 一般,"Yes, Wait for the Bus at Nangang Expo Center. 需要, 會在南港展覽館候車",L / 胸寬(F.W.): 53cm / 衣長(C.L.): 73cm,5 到 10 年,"AI, Machine Learning, DevOps, Security, Web Technology, Science, Technology, Engineering & Mathematics",DCard,Senior Data Engineer,Taiwan 台灣,Male / 男性,
GroupBuy,paid,,2019-08-17,0,,,,Normal / 一般,"Yes, Wait for the Bus at Nangang Expo Center. 需要, 會在南港展覽館候車",L / 胸寬(F.W.): 53cm / 衣長(C.L.): 73cm,1 到 5 年,"AI, Machine Learning, Web Technology, Internet of Things",Dcard,Data Engineering Intern,Taiwan 台灣,Male / 男性,
GroupBuy,paid,,2019-08-18,0,,,,Normal / 一般,"Yes, Wait for the Bus at Nangang Expo Center. 需要, 會在南港展覽館候車",S / 胸寬(F.W.): 48cm / 衣長(C.L.): 68cm,1 到 5 年,"AI, Machine Learning, DevOps, Security, Web Technology, Science, Technology, Engineering & Mathematics",Dcard,Data Engineer,Taiwan 台灣,Male / 男性,
GroupBuy,paid,,2019-08-19,0,,威朋大數據股份有限公司,28892170,Normal / 一般,No. 不需要,L / 胸寬(F.W.): 53cm / 衣長(C.L.): 73cm,1 到 5 年,"AI, Machine Learning, Web Technology, Science, Technology, Engineering & Mathematics",威朋大數據股份有限公司,Data Analyst,Taiwan 台灣,Male / 男性,
GroupBuy,paid,,2019-08-19,0,,,,Normal / 一般,"Yes, Wait for the Bus at Nangang Expo Center. 需要, 會在南港展覽館候車",L / 胸寬(F.W.): 53cm / 衣長(C.L.): 73cm,1 到 5 年,"AI, Machine Learning, Web Technology, Science, Technology, Engineering & Mathematics, Arts, Design, Multimedia",,,Taiwan 台灣,Female / 女性,
GroupBuy,paid,,2019-08-19,0,,威朋大數據股份有限公司,28892170,Normal / 一般,"Yes, Wait for the Bus at Nangang Expo Center. 需要, 會在南港展覽館候車",M / 胸寬(F.W.): 50cm / 衣長(C.L.): 71cm,1 到 5 年,"AI, Machine Learning, Fintech, Business, Science, Technology, Engineering & Mathematics",威朋大數據股份有限公司,Data analyst,Taiwan 台灣,Male / 男性,
GroupBuy,paid,,2019-08-19,0,,威朋大數據股份有限公司,28892170,Normal / 一般,"Yes, Wait for the Bus at Nangang Expo Center. 需要, 會在南港展覽館候車",S / 胸寬(F.W.): 48cm / 衣長(C.L.): 68cm,1 到 5 年,"AI, Machine Learning, Science, Technology, Engineering & Mathematics",威朋大數據股份有限公司,Data scientist,Taiwan 台灣,Female / 女性,
GroupBuy,paid,,2019-08-19,0,,天堂遊戲有限公司,43941122,Normal / 一般,No. 不需要,M / 胸寬(F.W.): 50cm / 衣長(C.L.): 71cm,1 到 5 年,"AI, Machine Learning, Science, Technology, Engineering & Mathematics",天堂遊戲有限公司,自動化測試工程師,Taiwan 台灣,Male / 男性,
GroupBuy,paid,,2019-08-19,0,,天堂遊戲有限公司,43941122,Normal / 一般,No. 不需要,L / 胸寬(F.W.): 53cm / 衣長(C.L.): 73cm,1 年以內,"AI, Machine Learning, Science, Technology, Engineering & Mathematics, Internet of Things",天堂遊戲,backend engineer,Taiwan 台灣,Male / 男性,
GroupBuy,paid,,2019-08-19,0,,天堂遊戲有限公司,43941122,Normal / 一般,No. 不需要,M / 胸寬(F.W.): 50cm / 衣長(C.L.): 71cm,1 年以內,"AI, Machine Learning, Fintech, Business, Science, Technology, Engineering & Mathematics, Internet of Things, Sustainability, Health & Wellness",Backend,RD,Taiwan 台灣,Male / 男性,
GroupBuy,paid,,2019-08-19,0,,天堂遊戲有限公司,43941122,Normal / 一般,No. 不需要,L / 胸寬(F.W.): 53cm / 衣長(C.L.): 73cm,1 到 5 年,"AI, Machine Learning, Fintech, Business, Web Technology, Science, Technology, Engineering & Mathematics",Paradise-soft,Quality Assurance,Taiwan 台灣,Male / 男性,
GroupBuy,paid,,2019-08-19,0,,天堂遊戲有限公司,43941122,Normal / 一般,"Yes, Wait for the Bus at Nangang Expo Center. 需要, 會在南港展覽館候車",M / 胸寬(F.W.): 50cm / 衣長(C.L.): 71cm,1 年以內,"AI, Machine Learning, Web Technology, Science, Technology, Engineering & Mathematics, Entrepreneurship, Startup, Internet of Things, Education, Human Resource, Arts, Design, Multimedia, Sustainability, Health & Wellness",天堂遊戲有限公司,工程師,Taiwan 台灣,Male / 男性,
GroupBuy,paid,,2019-08-19,0,,中國信託商業銀行股份有限公司,3077208,Normal / 一般,No. 不需要,XL / 胸寬(F.W.): 56cm / 衣長(C.L.): 75cm,,"AI, Machine Learning, Fintech, Business, Science, Technology, Engineering & Mathematics",中國信託,經理,Taiwan 台灣,Male / 男性,
GroupBuy,paid,,2019-08-19,0,,中國信託商業銀行股份有限公司,3077208,Normal / 一般,"Yes, Wait for the Bus at Nangang Expo Center. 需要, 會在南港展覽館候車",XL / 胸寬(F.W.): 56cm / 衣長(C.L.): 75cm,1 到 5 年,"AI, Machine Learning, Fintech, Business, Science, Technology, Engineering & Mathematics, Entrepreneurship, Startup, Internet of Things",CTBC,Assistant Manager,Taiwan 台灣,Male / 男性,
GroupBuy,paid,,2019-08-19,0,,天堂遊戲有限公司,43941122,Normal / 一般,No. 不需要,L / 胸寬(F.W.): 53cm / 衣長(C.L.): 73cm,1 到 5 年,"AI, Machine Learning, Web Technology, Science, Technology, Engineering & Mathematics",天堂遊戲有限公司,後端工程師,Taiwan 台灣,Male / 男性,
Regular 原價,paid,,2019-08-20,5500,,晶睿通訊股份有限公司,70703897,Normal / 一般,No. 不需要,XL / 胸寬(F.W.): 56cm / 衣長(C.L.): 75cm,1 到 5 年,"DevOps, Security",晶睿通訊,engineer,Taiwan 台灣,Male / 男性,
GroupBuy,paid,,2019-08-20,0,,,,Normal / 一般,"Yes, Wait for the Bus at Nangang Expo Center. 需要, 會在南港展覽館候車",M / 胸寬(F.W.): 50cm / 衣長(C.L.): 71cm,1 到 5 年,"AI, Machine Learning, Science, Technology, Engineering & Mathematics, Entrepreneurship, Startup, Internet of Things, Sustainability, Health & Wellness",Gogoro,Data Scientist,United States 美國,Male / 男性,
Regular 原價,paid,,2019-08-20,5500,,台灣美光記憶體股份有限公司,28518076,Normal / 一般,"Yes, Wait for the Bus at Nangang Expo Center. 需要, 會在南港展覽館候車",XL / 胸寬(F.W.): 56cm / 衣長(C.L.): 75cm,1 到 5 年,"AI, Machine Learning, Science, Technology, Engineering & Mathematics, Entrepreneurship, Startup, Internet of Things",Micron/ Data Science,Data Engineer,Taiwan 台灣,Male / 男性,
Regular 原價,paid,,2019-08-20,5500,,台灣美光記憶體股份有限公司,28518076,Normal / 一般,"Yes, Wait for the Bus at Nangang Expo Center. 需要, 會在南港展覽館候車",L / 胸寬(F.W.): 53cm / 衣長(C.L.): 73cm,1 到 5 年,"AI, Machine Learning, Web Technology, Science, Technology, Engineering & Mathematics, Internet of Things",台灣美光,資料工程師,Taiwan 台灣,Male / 男性,
Regular 原價,paid,,2019-08-21,5500,,龍亭新技股份有限公司,28204217,Normal / 一般,No. 不需要,M / 胸寬(F.W.): 50cm / 衣長(C.L.): 71cm,1 到 5 年,"AI, Machine Learning, Web Technology, Science, Technology, Engineering & Mathematics",,Engineer,Taiwan 台灣,Male / 男性,
Regular 原價,paid,,2019-08-21,5500,,龍亭新技股份有限公司,28204217,Normal / 一般,No. 不需要,L / 胸寬(F.W.): 53cm / 衣長(C.L.): 73cm,1 到 5 年,"AI, Machine Learning, Science, Technology, Engineering & Mathematics, Internet of Things",龍亭新技,Engineer,Taiwan 台灣,Male / 男性,
Regular 原價,paid,,2019-08-21,5500,,龍亭新技股份有限公司,2820417,Normal / 一般,No. 不需要,M / 胸寬(F.W.): 50cm / 衣長(C.L.): 71cm,1 年以內,"AI, Machine Learning, Fintech, Business, Sustainability, Health & Wellness",,Engineer,Taiwan 台灣,Male / 男性,
GroupBuy,paid,,2019-08-21,0,,英屬開曼群島商睿能新動力股份有限公司台灣分公司,54387162,Normal / 一般,No. 不需要,XL / 胸寬(F.W.): 56cm / 衣長(C.L.): 75cm,1 年以內,,,,,,
GroupBuy,paid,,2019-08-21,0,,天堂遊戲有限公司,43941122,Normal / 一般,No. 不需要,M / 胸寬(F.W.): 50cm / 衣長(C.L.): 71cm,1 年以內,"Web Technology, Science, Technology, Engineering & Mathematics",天堂遊戲,golang RD,Taiwan 台灣,Male / 男性,
GroupBuy,paid,,2019-08-22,0,,中國信託商業銀行股份有限公司,3077208,Normal / 一般,"Yes, Wait for the Bus at Nangang Expo Center. 需要, 會在南港展覽館候車",XL / 胸寬(F.W.): 56cm / 衣長(C.L.): 75cm,1 到 5 年,"AI, Machine Learning, Fintech, Business, DevOps, Security, Web Technology, Science, Technology, Engineering & Mathematics, Entrepreneurship, Startup, Internet of Things, Education, Human Resource, Arts, Design, Multimedia, Sustainability, Health & Wellness",中國信託,工程師,Taiwan 台灣,Male / 男性,
Regular 原價,paid,,2019-08-22,5500,,網路家庭國際資訊股份有限公司,16606102,Normal / 一般,No. 不需要,M / 胸寬(F.W.): 50cm / 衣長(C.L.): 71cm,1 到 5 年,"AI, Machine Learning, Science, Technology, Engineering & Mathematics",PChome,Data Engineer,Taiwan 台灣,Male / 男性,
Regular 原價,paid,,2019-08-22,5500,,網路家庭國際資訊股份有限公司,16606102,Normal / 一般,"Yes, Wait for the Bus at Nangang Expo Center. 需要, 會在南港展覽館候車",XL / 胸寬(F.W.): 56cm / 衣長(C.L.): 75cm,1 到 5 年,"AI, Machine Learning, Science, Technology, Engineering & Mathematics",網路家庭國際資訊股份有限公司,工程師,Taiwan 台灣,Female / 女性,
GroupBuy,paid,,2019-08-22,0,,天堂遊戲有限公司,43941122,Normal / 一般,No. 不需要,S / 胸寬(F.W.): 48cm / 衣長(C.L.): 68cm,1 年以內,"AI, Machine Learning, Fintech, Business, DevOps, Security, Web Technology, Internet of Things, Sustainability, Health & Wellness",天堂遊戲有限公司,後端軟體工程師,Taiwan 台灣,Male / 男性,
GroupBuy,paid,,2019-08-23,0,,,,Normal / 一般,No. 不需要,L / 胸寬(F.W.): 53cm / 衣長(C.L.): 73cm,1 到 5 年,,,,,,
GroupBuy,paid,,2019-08-23,0,,,,Normal / 一般,No. 不需要,S / 胸寬(F.W.): 48cm / 衣長(C.L.): 68cm,1 到 5 年,"AI, Machine Learning, Sustainability, Health & Wellness",Dcard,Data Engineer,Taiwan 台灣,Female / 女性,
GroupBuy,paid,,2019-08-25,0,,,,Normal / 一般,"Yes, Wait for the Bus at Nangang Expo Center. 需要, 會在南港展覽館候車",XL / 胸寬(F.W.): 56cm / 衣長(C.L.): 75cm,1 到 5 年,"Fintech, Business, Web Technology, Internet of Things, Arts, Design, Multimedia, Sustainability, Health & Wellness",Dcard,Data Engineer,Taiwan 台灣,Male / 男性,
GroupBuy,paid,,2019-08-27,0,,亞洲指標數位行銷顧問股份有限公司,28826046,Normal / 一般,No. 不需要,L / 胸寬(F.W.): 53cm / 衣長(C.L.): 73cm,1 到 5 年,"DevOps, Security, Web Technology, Internet of Things",,,,,
GroupBuy,paid,,2019-08-27,0,,亞洲指標數位行銷顧問股份有限公司,28826046,Normal / 一般,No. 不需要,L / 胸寬(F.W.): 53cm / 衣長(C.L.): 73cm,1 年以內,"AI, Machine Learning, DevOps, Security, Web Technology, Science, Technology, Engineering & Mathematics, Internet of Things",亞洲指標數位行銷顧問股份有限公司,前端工程師,Taiwan 台灣,Male / 男性,
GroupBuy,paid,,2019-08-27,0,,亞洲指標數位行銷顧問股份有限公司,28826046,Normal / 一般,No. 不需要,M / 胸寬(F.W.): 50cm / 衣長(C.L.): 71cm,1 到 5 年,"Fintech, Business, Web Technology",IT組,研發工程師,Taiwan 台灣,Male / 男性,
GroupBuy,paid,,2019-08-27,0,,,28826046,Normal / 一般,"Yes, Wait for the Bus at Nangang Expo Center. 需要, 會在南港展覽館候車",L / 胸寬(F.W.): 53cm / 衣長(C.L.): 73cm,1 年以內,"AI, Machine Learning, DevOps, Security, Web Technology",亞洲數位指標顧問股份有限公司,Enginner,Taiwan 台灣,Male / 男性,
GroupBuy,paid,,2019-08-27,0,,,,Normal / 一般,No. 不需要,M / 胸寬(F.W.): 50cm / 衣長(C.L.): 71cm,1 到 5 年,"AI, Machine Learning, Science, Technology, Engineering & Mathematics, Education, Human Resource, Arts, Design, Multimedia",亞洲指標數位行銷顧問股份有限公司,資料分析師,Taiwan 台灣,Male / 男性,
GroupBuy,paid,,2019-08-27,0,,,,Vegetarian / 素食者,"Yes, Wait for the Bus at Nangang Expo Center. 需要, 會在南港展覽館候車",L / 胸寬(F.W.): 53cm / 衣長(C.L.): 73cm,1 年以內,"AI, Machine Learning, Fintech, Business, Entrepreneurship, Startup",亞洲指標數位行銷股份有限公司,資料分析師,Taiwan 台灣,Male / 男性,
GroupBuy,paid,,2019-08-27,0,,亞洲指標數位顧問行銷顧問股份有限公司,28826046,Normal / 一般,No. 不需要,L / 胸寬(F.W.): 53cm / 衣長(C.L.): 73cm,1 到 5 年,"Web Technology, Entrepreneurship, Startup, Internet of Things, Education, Human Resource, Arts, Design, Multimedia, Sustainability, Health & Wellness",研發資訊,工程師,Taiwan 台灣,Male / 男性,
GroupBuy,paid,,2019-08-27,0,,,,Normal / 一般,No. 不需要,L / 胸寬(F.W.): 53cm / 衣長(C.L.): 73cm,1 到 5 年,"AI, Machine Learning, Science, Technology, Engineering & Mathematics, Education, Human Resource, Sustainability, Health & Wellness",亞洲指標數位行銷顧問股份有限公司,資料探勘分析師,Taiwan 台灣,Male / 男性,
GroupBuy,paid,,2019-08-28,0,,行動貝果有限公司,53550539,Normal / 一般,"Yes, Wait for the Bus at Nangang Expo Center. 需要, 會在南港展覽館候車",S / 胸寬(F.W.): 48cm / 衣長(C.L.): 68cm,1 到 5 年,"AI, Machine Learning, Science, Technology, Engineering & Mathematics, Entrepreneurship, Startup, Arts, Design, Multimedia, Sustainability, Health & Wellness",MoBagel,Data Scientist,Taiwan 台灣,Male / 男性,
GroupBuy,paid,,2019-08-28,0,,行動貝果有限公司,53550539,Normal / 一般,No. 不需要,S / 胸寬(F.W.): 48cm / 衣長(C.L.): 68cm,1 到 5 年,"AI, Machine Learning, Fintech, Business",行動貝果有限公司,Data Scientist,Taiwan 台灣,Male / 男性,
Regular 原價,paid,,2019-08-29,5500,,,,Normal / 一般,"Yes, Wait for the Bus at Nangang Expo Center. 需要, 會在南港展覽館候車",2XL / 胸寬(F.W.): 58cm / 衣長(C.L.): 78cm,1 到 5 年,"Fintech, Business, Web Technology, Entrepreneurship, Startup",Plaid,Systems Analyst,United States 美國,Male / 男性,
Regular 原價,paid,,2019-08-29,5500,,廣達電腦,22822281,Normal / 一般,No. 不需要,XL / 胸寬(F.W.): 56cm / 衣長(C.L.): 75cm,1 到 5 年,"AI, Machine Learning, Fintech, Business, Web Technology",BU12,工程師,Taiwan 台灣,Male / 男性,
GroupBuy,paid,,2019-08-29,0,,行動貝果有限公司,53550539,Normal / 一般,"Yes, Wait for the Bus at Nangang Expo Center. 需要, 會在南港展覽館候車",S / 胸寬(F.W.): 48cm / 衣長(C.L.): 68cm,1 年以內,"AI, Machine Learning, Education, Human Resource",MoBagel,HR,Taiwan 台灣,Female / 女性,
GroupBuy,paid,,2019-08-29,0,,行動貝果有限公司,53550539,Normal / 一般,"Yes, Wait for the Bus at Nangang Expo Center. 需要, 會在南港展覽館候車",M / 胸寬(F.W.): 50cm / 衣長(C.L.): 71cm,1 到 5 年,"AI, Machine Learning, DevOps, Security, Web Technology",,,,,
GroupBuy,paid,,2019-08-29,0,,行動貝果有限公司,53550539,Normal / 一般,No. 不需要,M / 胸寬(F.W.): 50cm / 衣長(C.L.): 71cm,1 到 5 年,"AI, Machine Learning, DevOps, Security, Web Technology, Science, Technology, Engineering & Mathematics",Mobagel,DevOps Engineer,Taiwan 台灣,Male / 男性,
GroupBuy,paid,,2019-08-29,0,,行動貝果有限公司,53550539,Normal / 一般,No. 不需要,M / 胸寬(F.W.): 50cm / 衣長(C.L.): 71cm,1 到 5 年,"AI, Machine Learning, Fintech, Business, DevOps, Security, Web Technology, Science, Technology, Engineering & Mathematics, Internet of Things",Mobagel,Full-Stack Developer,Other 其它,Male / 男性,
GroupBuy,paid,,2019-08-29,0,,行動貝果有限公司,53550539,Normal / 一般,No. 不需要,M / 胸寬(F.W.): 50cm / 衣長(C.L.): 71cm,1 到 5 年,"AI, Machine Learning, Fintech, Business, DevOps, Security, Web Technology, Science, Technology, Engineering & Mathematics, Education, Human Resource, Arts, Design, Multimedia",Mobagel,Product developer,Taiwan 台灣,Male / 男性,
GroupBuy,paid,,2019-08-30,0,,行動貝果有限公司,53550539,Normal / 一般,"Yes, Wait for the Bus at Nangang Expo Center. 需要, 會在南港展覽館候車",S / 胸寬(F.W.): 48cm / 衣長(C.L.): 68cm,1 年以內,"AI, Machine Learning, Web Technology, Science, Technology, Engineering & Mathematics, Education, Human Resource, Arts, Design, Multimedia",MoBagel,Software Engineer,Taiwan 台灣,Female / 女性,
GroupBuy,paid,,2019-08-30,0,,行動貝果有限公司,53550539,Normal / 一般,No. 不需要,L / 胸寬(F.W.): 53cm / 衣長(C.L.): 73cm,1 到 5 年,"AI, Machine Learning, Science, Technology, Engineering & Mathematics",MoBagel,Customer Success Consultant,Taiwan 台灣,Male / 男性,
GroupBuy,paid,,2019-08-30,0,,,,Normal / 一般,"Yes, Wait for the Bus at Nangang Expo Center. 需要, 會在南港展覽館候車",L / 胸寬(F.W.): 53cm / 衣長(C.L.): 73cm,5 到 10 年,,,,,,
GroupBuy,paid,,2019-08-30,0,,,,Normal / 一般,"Yes, Wait for the Bus at Nangang Expo Center. 需要, 會在南港展覽館候車",XL / 胸寬(F.W.): 56cm / 衣長(C.L.): 75cm,5 到 10 年,"DevOps, Security, Web Technology",Trend Micro,Staff Engineer,Taiwan 台灣,Male / 男性,
GroupBuy,paid,,2019-08-30,0,,趨勢科技股份有限公司,23310837,Normal / 一般,"Yes, Wait for the Bus at Nangang Expo Center. 需要, 會在南港展覽館候車",2XL / 胸寬(F.W.): 58cm / 衣長(C.L.): 78cm,5 到 10 年,"AI, Machine Learning, DevOps, Security, Web Technology, Science, Technology, Engineering & Mathematics",趨勢科技,資深技術經理,Taiwan 台灣,Male / 男性,
GroupBuy,paid,,2019-08-30,0,,Trendmicro,23310837,Normal / 一般,"Yes, Wait for the Bus at Nangang Expo Center. 需要, 會在南港展覽館候車",M / 胸寬(F.W.): 50cm / 衣長(C.L.): 71cm,5 到 10 年,"AI, Machine Learning, DevOps, Security, Web Technology, Science, Technology, Engineering & Mathematics",Trendmicro,Engineer,Taiwan 台灣,Female / 女性,
GroupBuy,paid,,2019-08-30,0,,趨勢科技股份有限公司,23310837,Normal / 一般,"Yes, Wait for the Bus at Nangang Expo Center. 需要, 會在南港展覽館候車",M / 胸寬(F.W.): 50cm / 衣長(C.L.): 71cm,1 到 5 年,"AI, Machine Learning, DevOps, Security, Web Technology, Science, Technology, Engineering & Mathematics",TrendMicro,Engineer,Taiwan 台灣,Female / 女性,
GroupBuy,paid,,2019-08-30,0,,,,Normal / 一般,No. 不需要,L / 胸寬(F.W.): 53cm / 衣長(C.L.): 73cm,1 到 5 年,"AI, Machine Learning, Fintech, Business, DevOps, Security",Trend Micro,QA,Taiwan 台灣,Male / 男性,
GroupBuy,paid,,2019-08-30,0,,,,Normal / 一般,No. 不需要,M / 胸寬(F.W.): 50cm / 衣長(C.L.): 71cm,1 到 5 年,"AI, Machine Learning, Web Technology, Arts, Design, Multimedia",TrendMicro,Sr. Engineer,Taiwan 台灣,Male / 男性,
Regular 原價,paid,,2019-08-30,5500,,走著瞧股份有限公司,53755364,Normal / 一般,"Yes, Wait for the Bus at Nangang Expo Center. 需要, 會在南港展覽館候車",L / 胸寬(F.W.): 53cm / 衣長(C.L.): 73cm,1 到 5 年,"AI, Machine Learning, Fintech, Business",走著瞧股份有限公司,資料工程師,Taiwan 台灣,Male / 男性,
GroupBuy,paid,,2019-08-30,0,,,,Normal / 一般,"Yes, Wait for the Bus at Nangang Expo Center. 需要, 會在南港展覽館候車",S / 胸寬(F.W.): 48cm / 衣長(C.L.): 68cm,1 年以內,,Trend Micro,Staff Engineer,Taiwan 台灣,Male / 男性,
GroupBuy,paid,,2019-08-30,0,,,,Normal / 一般,"Yes, Wait for the Bus at Nangang Expo Center. 需要, 會在南港展覽館候車",L / 胸寬(F.W.): 53cm / 衣長(C.L.): 73cm,1 到 5 年,"AI, Machine Learning, Science, Technology, Engineering & Mathematics, Internet of Things",TrendMicro,,Taiwan 台灣,Male / 男性,
GroupBuy,paid,,2019-08-30,0,,趨勢科技股份有限公司,23310837,Normal / 一般,"Yes, Wait for the Bus at Nangang Expo Center. 需要, 會在南港展覽館候車",2XL / 胸寬(F.W.): 58cm / 衣長(C.L.): 78cm,1 到 5 年,"AI, Machine Learning, Science, Technology, Engineering & Mathematics, Internet of Things",T,Sr. Engineer,Taiwan 台灣,Male / 男性,
GroupBuy,paid,,2019-08-30,0,,,,Normal / 一般,No. 不需要,M / 胸寬(F.W.): 50cm / 衣長(C.L.): 71cm,1 到 5 年,"Fintech, Business, DevOps, Security, Web Technology, Science, Technology, Engineering & Mathematics, Entrepreneurship, Startup, Internet of Things",Trend Micro,Software Engineer in Test,Taiwan 台灣,Male / 男性,
GroupBuy,paid,,2019-08-30,0,,,23310837,Normal / 一般,No. 不需要,M / 胸寬(F.W.): 50cm / 衣長(C.L.): 71cm,1 年以內,"AI, Machine Learning, DevOps, Security, Web Technology, Science, Technology, Engineering & Mathematics, Education, Human Resource",Trend Micro,Engineer,Taiwan 台灣,Male / 男性,
GroupBuy,paid,,2019-08-30,0,,,,Normal / 一般,No. 不需要,M / 胸寬(F.W.): 50cm / 衣長(C.L.): 71cm,1 到 5 年,"DevOps, Security, Web Technology, Internet of Things",Trend Micro,Senior Engineer,Taiwan 台灣,Male / 男性,
Regular 原價,paid,,2019-08-30,5500,,走著瞧股份有限公司,53755364,Normal / 一般,No. 不需要,S / 胸寬(F.W.): 48cm / 衣長(C.L.): 68cm,5 到 10 年,"AI, Machine Learning, Fintech, Business, DevOps, Security, Web Technology, Science, Technology, Engineering & Mathematics, Entrepreneurship, Startup, Internet of Things",Gogolook Inc.,Lead Software Engineer,Taiwan 台灣,Male / 男性,
GroupBuy,paid,,2019-08-30,0,,趨勢科技股份有限公司,23310837,Normal / 一般,No. 不需要,L / 胸寬(F.W.): 53cm / 衣長(C.L.): 73cm,5 到 10 年,"AI, Machine Learning, DevOps, Security, Web Technology, Science, Technology, Engineering & Mathematics, Internet of Things",趨勢科技,Senior Staff Engineer,Taiwan 台灣,Male / 男性,
GroupBuy,paid,,2019-08-30,0,,趨勢科技股份有限公司,23310837,Normal / 一般,No. 不需要,L / 胸寬(F.W.): 53cm / 衣長(C.L.): 73cm,1 到 5 年,"AI, Machine Learning, Fintech, Business, DevOps, Security, Science, Technology, Engineering & Mathematics",TrendMicro,Sr Staff Engineer,Taiwan 台灣,Male / 男性,
GroupBuy,paid,,2019-08-30,0,,趨勢科技股份有限公司,23310837,Normal / 一般,No. 不需要,XL / 胸寬(F.W.): 56cm / 衣長(C.L.): 75cm,1 到 5 年,"AI, Machine Learning, DevOps, Security, Web Technology",TrendMicro,SDET,Taiwan 台灣,Male / 男性,
GroupBuy,paid,,2019-08-30,0,,,,Normal / 一般,"Yes, Wait for the Bus at Nangang Expo Center. 需要, 會在南港展覽館候車",L / 胸寬(F.W.): 53cm / 衣長(C.L.): 73cm,1 到 5 年,"AI, Machine Learning, DevOps, Security, Web Technology, Science, Technology, Engineering & Mathematics, Internet of Things",Trend Micro,QA,Taiwan 台灣,Male / 男性,
