Ticket Type,Payment Status,Tags,Paid Date,Price,# invoice policy #,Dietary Habit / 餐點偏好,Need Shuttle Bus Service? 會議三天的早上  要搭交通車到會場嗎?,Size of T-shirt / T恤尺寸,Years of Using Python / 使用 Python 多久,Area of Interest / 興趣領域,"Company  / 服務單位 (For students or teachers, fill in the School + Department Name)","Job Title / 職稱 (If you are a student, fill in ""student"")",Come From / 國家或地區,Gender / 性別,Attendance Book
Fanatic 鐵粉票,paid,,2019-04-09,1800,,Vegetarian / 素食者,No. 不需要,2XL / 胸寬(F.W.): 58cm / 衣長(C.L.): 78cm,5 到 10 年,"AI, Machine Learning, DevOps, Security, Science, Technology, Engineering & Mathematics, Internet of Things, Arts, Design, Multimedia, Sustainability, Health & Wellness",Allion Labs Inc.,Senior Test Engineer,Taiwan 台灣,Male / 男性,
Fanatic 鐵粉票,paid,,2019-04-13,1800,,Normal / 一般,No. 不需要,L / 胸寬(F.W.): 53cm / 衣長(C.L.): 73cm,1 到 5 年,"AI, Machine Learning, DevOps, Security, Web Technology, Science, Technology, Engineering & Mathematics, Education, Human Resource",,,Taiwan 台灣,Male / 男性,
Fanatic 鐵粉票,paid,,2019-04-13,1800,,Normal / 一般,No. 不需要,3XL / 胸寬(F.W.): 60cm / 衣長(C.L.): 80cm,5 到 10 年,"AI, Machine Learning, DevOps, Security, Web Technology, Entrepreneurship, Startup",台灣美光記憶體,Engineer - Data Science,Taiwan 台灣,Male / 男性,
Fanatic 鐵粉票,paid,,2019-04-14,1800,,Normal / 一般,"Yes, Wait for the Bus at Nangang Expo Center. 需要, 會在南港展覽館候車",S / 胸寬(F.W.): 48cm / 衣長(C.L.): 68cm,5 到 10 年,"AI, Machine Learning, DevOps, Security, Science, Technology, Engineering & Mathematics",,,Taiwan 台灣,Male / 男性,
Fanatic 鐵粉票,paid,,2019-06-12,1800,,Normal / 一般,"Yes, Wait for the Bus at Nangang Expo Center. 需要, 會在南港展覽館候車",XL / 胸寬(F.W.): 56cm / 衣長(C.L.): 75cm,5 到 10 年,"AI, Machine Learning, DevOps, Security, Web Technology",王品集團,Data Scientist,Taiwan 台灣,Male / 男性,
Invited 邀請票,paid,,2019-08-03,0,,Normal / 一般,No. 不需要,M / 胸寬(F.W.): 50cm / 衣長(C.L.): 71cm,10 到 20 年,"Web Technology, Education, Human Resource, Sustainability, Health & Wellness",PyCon JP,Vice-Chair,Japan 日本,Male / 男性,
Invited 邀請票,paid,,2019-08-03,0,,Normal / 一般,"Yes, Wait for the Bus at Nangang Expo Center. 需要, 會在南港展覽館候車",S / 胸寬(F.W.): 48cm / 衣長(C.L.): 68cm,1 年以內,"DevOps, Security, Science, Technology, Engineering & Mathematics",淡江大學/數學系,學生,Taiwan 台灣,Female / 女性,
Invited 邀請票,paid,,2019-08-04,0,,Normal / 一般,"Yes, Wait for the Bus at Nangang Expo Center. 需要, 會在南港展覽館候車",XL / 胸寬(F.W.): 56cm / 衣長(C.L.): 75cm,1 到 5 年,"DevOps, Security, Science, Technology, Engineering & Mathematics, Education, Human Resource, Sustainability, Health & Wellness",Atados,Developer,Other 其它,Male / 男性,
Invited 邀請票,paid,,2019-08-04,0,,Normal / 一般,"Yes, Wait for the Bus at Nangang Expo Center. 需要, 會在南港展覽館候車",S / 胸寬(F.W.): 48cm / 衣長(C.L.): 68cm,1 到 5 年,"AI, Machine Learning, DevOps, Security, Web Technology",Classi Corp.,Software Engineer,Japan 日本,Male / 男性,
Speaker 講者票,paid,,2019-08-04,1500,,Normal / 一般,"Yes, Wait for the Bus at Nangang Expo Center. 需要, 會在南港展覽館候車",M / 胸寬(F.W.): 50cm / 衣長(C.L.): 71cm,10 到 20 年,,Google,Developer Advocate,United States 美國,Male / 男性,
Speaker 講者票,paid,,2019-08-04,1500,,Normal / 一般,"Yes, Wait for the Bus at Nangang Expo Center. 需要, 會在南港展覽館候車",XL / 胸寬(F.W.): 56cm / 衣長(C.L.): 75cm,10 到 20 年,"Science, Technology, Engineering & Mathematics",,,Taiwan 台灣,Male / 男性,
Speaker 講者票,paid,,2019-08-05,1500,,Normal / 一般,"Yes, Wait for the Bus at Nangang Expo Center. 需要, 會在南港展覽館候車",M / 胸寬(F.W.): 50cm / 衣長(C.L.): 71cm,5 到 10 年,"DevOps, Security, Web Technology",iCHEF,Lead Software Engineer,Taiwan 台灣,,
Speaker 講者票,paid,,2019-08-06,1500,,Normal / 一般,No. 不需要,2XL / 胸寬(F.W.): 58cm / 衣長(C.L.): 78cm,10 到 20 年,"Web Technology, Entrepreneurship, Startup, Arts, Design, Multimedia",,,Taiwan 台灣,Male / 男性,
Speaker 講者票,paid,,2019-08-07,1500,,Normal / 一般,"Yes, Wait for the Bus at Nangang Expo Center. 需要, 會在南港展覽館候車",XL / 胸寬(F.W.): 56cm / 衣長(C.L.): 75cm,1 到 5 年,"DevOps, Security",Telecom Technology Center,Security Researcher,Taiwan 台灣,Male / 男性,
Speaker 講者票,paid,,2019-08-08,1500,,Normal / 一般,"Yes, Wait for the Bus at Nangang Expo Center. 需要, 會在南港展覽館候車",L / 胸寬(F.W.): 53cm / 衣長(C.L.): 73cm,1 到 5 年,"DevOps, Security",財團法人電信技術中心,資安工程師,Taiwan 台灣,Male / 男性,
Invited 邀請票,paid,,2019-08-08,0,,Normal / 一般,No. 不需要,L / 胸寬(F.W.): 53cm / 衣長(C.L.): 73cm,1 到 5 年,"AI, Machine Learning, DevOps, Security, Web Technology, Science, Technology, Engineering & Mathematics, Entrepreneurship, Startup, Internet of Things",,Computer Vision Engineer,Taiwan 台灣,Male / 男性,
Invited 邀請票,paid,,2019-08-08,0,,Normal / 一般,No. 不需要,L / 胸寬(F.W.): 53cm / 衣長(C.L.): 73cm,1 到 5 年,"AI, Machine Learning",中研院資訊所,研究助理,Taiwan 台灣,Male / 男性,
Invited 邀請票,paid,,2019-08-08,0,,Normal / 一般,No. 不需要,L / 胸寬(F.W.): 53cm / 衣長(C.L.): 73cm,1 到 5 年,"AI, Machine Learning, Web Technology, Science, Technology, Engineering & Mathematics, Internet of Things",中央研究院,研究助理,Taiwan 台灣,Male / 男性,
Invited 邀請票,paid,,2019-08-08,0,,Normal / 一般,No. 不需要,M / 胸寬(F.W.): 50cm / 衣長(C.L.): 71cm,1 到 5 年,,Wemo,Data Scientist,Taiwan 台灣,,
Invited 邀請票,paid,,2019-08-08,0,,Normal / 一般,No. 不需要,L / 胸寬(F.W.): 53cm / 衣長(C.L.): 73cm,1 到 5 年,"AI, Machine Learning, Science, Technology, Engineering & Mathematics",NTU,Student,Taiwan 台灣,Male / 男性,
Contributor 貢獻者票,paid,,2019-08-08,1500,,Normal / 一般,No. 不需要,XL / 胸寬(F.W.): 56cm / 衣長(C.L.): 75cm,10 到 20 年,"AI, Machine Learning, Web Technology, Education, Human Resource",360 InfoTech,Manager,Taiwan 台灣,Male / 男性,
Invited 邀請票,paid,,2019-08-08,0,,Normal / 一般,No. 不需要,L / 胸寬(F.W.): 53cm / 衣長(C.L.): 73cm,1 到 5 年,"AI, Machine Learning, Science, Technology, Engineering & Mathematics",Academia Sinica,Reasearch Assistant,Taiwan 台灣,Male / 男性,
Speaker 講者票,paid,,2019-08-08,1500,,Normal / 一般,"Yes, Wait for the Bus at Nangang Expo Center. 需要, 會在南港展覽館候車",M / 胸寬(F.W.): 50cm / 衣長(C.L.): 71cm,1 到 5 年,"AI, Machine Learning, Fintech, Business, DevOps, Security, Web Technology, Science, Technology, Engineering & Mathematics, Entrepreneurship, Startup, Internet of Things, Education, Human Resource, Arts, Design, Multimedia, Sustainability, Health & Wellness","HON HAI PRECISION INDUSTRY CO., LTD.",engineer,Taiwan 台灣,Female / 女性,
Contributor 貢獻者票,paid,,2019-08-10,1500,,Normal / 一般,"Yes, Wait for the Bus at Nangang Expo Center. 需要, 會在南港展覽館候車",M / 胸寬(F.W.): 50cm / 衣長(C.L.): 71cm,1 到 5 年,,,,,,
Invited 邀請票,paid,,2019-08-10,0,,Normal / 一般,"Yes, Wait for the Bus at Nangang Expo Center. 需要, 會在南港展覽館候車",L / 胸寬(F.W.): 53cm / 衣長(C.L.): 73cm,1 到 5 年,"Web Technology, Science, Technology, Engineering & Mathematics, Entrepreneurship, Startup",,SDE,Japan 日本,Male / 男性,
Speaker 講者票,paid,,2019-08-11,1500,,Normal / 一般,No. 不需要,XL / 胸寬(F.W.): 56cm / 衣長(C.L.): 75cm,5 到 10 年,"AI, Machine Learning, Science, Technology, Engineering & Mathematics, Entrepreneurship, Startup, Education, Human Resource",小小胖有限公司,經理,Taiwan 台灣,Male / 男性,
Contributor 貢獻者票,paid,,2019-08-11,1500,,Normal / 一般,"Yes, Wait for the Bus at Nangang Expo Center. 需要, 會在南港展覽館候車",XS / 胸寬(F.W.): 46cm / 衣長(C.L.): 66cm,1 到 5 年,"AI, Machine Learning, Science, Technology, Engineering & Mathematics, Entrepreneurship, Startup",,,,,
Invited 邀請票,paid,,2019-08-12,0,,Normal / 一般,"Yes, Wait for the Bus at Nangang Expo Center. 需要, 會在南港展覽館候車",L / 胸寬(F.W.): 53cm / 衣長(C.L.): 73cm,10 到 20 年,"Fintech, Business, DevOps, Security, Web Technology, Arts, Design, Multimedia",Appier,Ninja,Taiwan 台灣,Other / 其它,
Invited 邀請票,paid,,2019-08-12,0,,Normal / 一般,"Yes, Wait for the Bus at Nangang Expo Center. 需要, 會在南港展覽館候車",L / 胸寬(F.W.): 53cm / 衣長(C.L.): 73cm,5 到 10 年,"AI, Machine Learning, Science, Technology, Engineering & Mathematics, Arts, Design, Multimedia",Appier Inc.,Senior Data Scientist,Taiwan 台灣,Male / 男性,
Invited 邀請票,paid,,2019-08-12,0,,Normal / 一般,"Yes, Wait for the Bus at Nangang Expo Center. 需要, 會在南港展覽館候車",L / 胸寬(F.W.): 53cm / 衣長(C.L.): 73cm,1 到 5 年,"AI, Machine Learning, DevOps, Security, Science, Technology, Engineering & Mathematics",Appier,Software Engineer,Taiwan 台灣,Male / 男性,
Invited 邀請票,paid,,2019-08-12,0,,Normal / 一般,No. 不需要,L / 胸寬(F.W.): 53cm / 衣長(C.L.): 73cm,1 到 5 年,"DevOps, Security, Science, Technology, Engineering & Mathematics",Appier,Engineer,Taiwan 台灣,Male / 男性,
Speaker 講者票,paid,,2019-08-12,1500,,Normal / 一般,No. 不需要,L / 胸寬(F.W.): 53cm / 衣長(C.L.): 73cm,1 到 5 年,"DevOps, Security, Web Technology, Entrepreneurship, Startup",Sinitic Inc.,Senior Backend Engineer,Taiwan 台灣,Male / 男性,
Contributor 貢獻者票,paid,,2019-08-12,1500,,Normal / 一般,"Yes, Wait for the Bus at Nangang Expo Center. 需要, 會在南港展覽館候車",2XL / 胸寬(F.W.): 58cm / 衣長(C.L.): 78cm,1 到 5 年,"AI, Machine Learning, DevOps, Security, Web Technology",,,Taiwan 台灣,Male / 男性,
Speaker 講者票,paid,,2019-08-13,1500,,Normal / 一般,No. 不需要,L / 胸寬(F.W.): 53cm / 衣長(C.L.): 73cm,5 到 10 年,"AI, Machine Learning, DevOps, Security, Web Technology, Entrepreneurship, Startup",,Freelancer and trainer,Other 其它,Male / 男性,
Invited 邀請票,paid,,2019-08-13,0,,Normal / 一般,"Yes, Wait for the Bus at Nangang Expo Center. 需要, 會在南港展覽館候車",XL / 胸寬(F.W.): 56cm / 衣長(C.L.): 75cm,5 到 10 年,"AI, Machine Learning, DevOps, Security, Science, Technology, Engineering & Mathematics, Entrepreneurship, Startup, Sustainability, Health & Wellness",Hacarus,Software Engineer,Other 其它,Male / 男性,
Speaker 講者票,paid,,2019-08-14,1500,,Normal / 一般,No. 不需要,L / 胸寬(F.W.): 53cm / 衣長(C.L.): 73cm,,,,,,,
Contributor 貢獻者票,paid,,2019-08-14,1500,,Normal / 一般,No. 不需要,M / 胸寬(F.W.): 50cm / 衣長(C.L.): 71cm,1 到 5 年,"AI, Machine Learning, Science, Technology, Engineering & Mathematics",,Data Analyst,Taiwan 台灣,Male / 男性,
Invited 邀請票,paid,,2019-08-14,0,,Normal / 一般,No. 不需要,XL / 胸寬(F.W.): 56cm / 衣長(C.L.): 75cm,1 到 5 年,"AI, Machine Learning, DevOps, Security, Web Technology, Entrepreneurship, Startup",InfuseAI inc.,Senior Engineer,Taiwan 台灣,Male / 男性,
Invited 邀請票,paid,,2019-08-14,0,,Normal / 一般,No. 不需要,XS / 胸寬(F.W.): 46cm / 衣長(C.L.): 66cm,1 到 5 年,"AI, Machine Learning, Fintech, Business, Web Technology, Science, Technology, Engineering & Mathematics",InfuseAI,Software Engineer,Taiwan 台灣,Male / 男性,
Invited 邀請票,paid,,2019-08-14,0,,Normal / 一般,"Yes, Wait for the Bus at Nangang Expo Center. 需要, 會在南港展覽館候車",L / 胸寬(F.W.): 53cm / 衣長(C.L.): 73cm,1 到 5 年,"AI, Machine Learning, Fintech, Business, DevOps, Security, Science, Technology, Engineering & Mathematics, Entrepreneurship, Startup, Arts, Design, Multimedia",,,,,
Invited 邀請票,paid,,2019-08-14,0,,Normal / 一般,No. 不需要,L / 胸寬(F.W.): 53cm / 衣長(C.L.): 73cm,5 到 10 年,"DevOps, Security, Entrepreneurship, Startup",InfuseAI,Senior Engineer,Taiwan 台灣,Male / 男性,
Invited 邀請票,paid,,2019-08-14,0,,Normal / 一般,No. 不需要,L / 胸寬(F.W.): 53cm / 衣長(C.L.): 73cm,1 到 5 年,Web Technology,Carousell,Software Engineer,Taiwan 台灣,Male / 男性,
Invited 邀請票,paid,,2019-08-14,0,,Normal / 一般,"Yes, Wait for the Bus at Nangang Expo Center. 需要, 會在南港展覽館候車",M / 胸寬(F.W.): 50cm / 衣長(C.L.): 71cm,5 到 10 年,"AI, Machine Learning, Fintech, Business, Science, Technology, Engineering & Mathematics",Carousell,Sr. Backend Engineer,Taiwan 台灣,Male / 男性,
Invited 邀請票,paid,,2019-08-15,0,,Normal / 一般,No. 不需要,2XL / 胸寬(F.W.): 58cm / 衣長(C.L.): 78cm,,,,,,,
Invited 邀請票,paid,,2019-08-15,0,,Normal / 一般,"Yes, Wait for the Bus at Nangang Expo Center. 需要, 會在南港展覽館候車",L / 胸寬(F.W.): 53cm / 衣長(C.L.): 73cm,1 到 5 年,"Fintech, Business, Web Technology, Internet of Things",iCHEF,Backend Engineer,Taiwan 台灣,Male / 男性,
Speaker 講者票,paid,,2019-08-15,1500,,Normal / 一般,No. 不需要,M / 胸寬(F.W.): 50cm / 衣長(C.L.): 71cm,5 到 10 年,"AI, Machine Learning, DevOps, Security, Web Technology, Entrepreneurship, Startup, Internet of Things",Umbo Computer Vision,Senior Software Engineer,Taiwan 台灣,Male / 男性,
Contributor 貢獻者票,paid,,2019-08-16,1500,,Normal / 一般,No. 不需要,XL / 胸寬(F.W.): 56cm / 衣長(C.L.): 75cm,5 到 10 年,"AI, Machine Learning, Science, Technology, Engineering & Mathematics",國立交通大學,,,Male / 男性,
Invited 邀請票,paid,,2019-08-16,0,,Normal / 一般,No. 不需要,L / 胸寬(F.W.): 53cm / 衣長(C.L.): 73cm,1 到 5 年,"DevOps, Security, Web Technology, Entrepreneurship, Startup, Internet of Things",iCHEF 資廚,後端工程師,Taiwan 台灣,Male / 男性,
Invited 邀請票,paid,,2019-08-16,0,,Normal / 一般,"Yes, Wait for the Bus at Nangang Expo Center. 需要, 會在南港展覽館候車",M / 胸寬(F.W.): 50cm / 衣長(C.L.): 71cm,1 到 5 年,"DevOps, Security, Web Technology",iCHEF,,Taiwan 台灣,Male / 男性,
Invited 邀請票,paid,,2019-08-16,0,,Normal / 一般,No. 不需要,XL / 胸寬(F.W.): 56cm / 衣長(C.L.): 75cm,1 年以內,"AI, Machine Learning, Fintech, Business",Avnet,Manager,Taiwan 台灣,Male / 男性,
Speaker 講者票,paid,,2019-08-16,1500,,Normal / 一般,"Yes, Wait for the Bus at Nangang Expo Center. 需要, 會在南港展覽館候車",L / 胸寬(F.W.): 53cm / 衣長(C.L.): 73cm,5 到 10 年,"AI, Machine Learning, DevOps, Security, Web Technology, Arts, Design, Multimedia",Mediatek,Engineer,Taiwan 台灣,Male / 男性,
Invited 邀請票,paid,,2019-08-16,0,,Normal / 一般,No. 不需要,L / 胸寬(F.W.): 53cm / 衣長(C.L.): 73cm,1 到 5 年,"AI, Machine Learning, Web Technology, Science, Technology, Engineering & Mathematics, Education, Human Resource, Arts, Design, Multimedia",武陵高中,學生,Taiwan 台灣,Male / 男性,
Invited 邀請票,paid,,2019-08-16,0,,Normal / 一般,No. 不需要,XL / 胸寬(F.W.): 56cm / 衣長(C.L.): 75cm,1 年以內,"AI, Machine Learning, Fintech, Business, Sustainability, Health & Wellness",Avnet,Sales Manager,Taiwan 台灣,Male / 男性,
Invited 邀請票,paid,,2019-08-17,0,,Normal / 一般,"Yes, Wait for the Bus at Nangang Expo Center. 需要, 會在南港展覽館候車",L / 胸寬(F.W.): 53cm / 衣長(C.L.): 73cm,1 年以內,"AI, Machine Learning, Web Technology, Education, Human Resource, Arts, Design, Multimedia, Sustainability, Health & Wellness",iCHEF,TSE,Taiwan 台灣,Female / 女性,
Invited 邀請票,paid,,2019-08-17,0,,Normal / 一般,"Yes, Wait for the Bus at Nangang Expo Center. 需要, 會在南港展覽館候車",M / 胸寬(F.W.): 50cm / 衣長(C.L.): 71cm,1 到 5 年,"DevOps, Security, Web Technology",國立中央大學,學生,Taiwan 台灣,Male / 男性,
Invited 邀請票,paid,,2019-08-17,0,,Normal / 一般,No. 不需要,M / 胸寬(F.W.): 50cm / 衣長(C.L.): 71cm,10 到 20 年,"AI, Machine Learning, Fintech, Business",Appier,PM,Taiwan 台灣,Male / 男性,
Invited 邀請票,paid,,2019-08-17,0,,Normal / 一般,No. 不需要,L / 胸寬(F.W.): 53cm / 衣長(C.L.): 73cm,1 到 5 年,"AI, Machine Learning, Fintech, Business, DevOps, Security, Science, Technology, Engineering & Mathematics, Internet of Things",,,Singapore or Malaysia 新加坡/馬來西亞,Male / 男性,
Speaker 講者票,paid,,2019-08-17,1500,,Normal / 一般,"Yes, Wait for the Bus at Nangang Expo Center. 需要, 會在南港展覽館候車",L / 胸寬(F.W.): 53cm / 衣長(C.L.): 73cm,5 到 10 年,"Web Technology, Science, Technology, Engineering & Mathematics, Internet of Things, Education, Human Resource",KHPY,RD,Taiwan 台灣,Male / 男性,
Contributor 貢獻者票,paid,,2019-08-18,1500,,Normal / 一般,No. 不需要,L / 胸寬(F.W.): 53cm / 衣長(C.L.): 73cm,5 到 10 年,"AI, Machine Learning, Web Technology, Science, Technology, Engineering & Mathematics, Education, Human Resource",台灣大學,博士後研究員,Taiwan 台灣,Male / 男性,
Contributor 貢獻者票,paid,,2019-08-18,1500,,Normal / 一般,"Yes, Wait for the Bus at Nangang Expo Center. 需要, 會在南港展覽館候車",M / 胸寬(F.W.): 50cm / 衣長(C.L.): 71cm,1 到 5 年,"DevOps, Security, Web Technology",NCTU,student,Taiwan 台灣,Male / 男性,
Contributor 貢獻者票,paid,,2019-08-17,1500,,Normal / 一般,No. 不需要,M / 胸寬(F.W.): 50cm / 衣長(C.L.): 71cm,1 到 5 年,"AI, Machine Learning, DevOps, Security, Web Technology, Science, Technology, Engineering & Mathematics",National Chiao Tung University Department of Computer Science,Student,Taiwan 台灣,Male / 男性,
Invited 邀請票,paid,,2019-08-17,0,,Normal / 一般,No. 不需要,XL / 胸寬(F.W.): 56cm / 衣長(C.L.): 75cm,1 年以內,"AI, Machine Learning, Fintech, Business, Internet of Things, Sustainability, Health & Wellness",Avnet,FAE,Taiwan 台灣,Male / 男性,
Contributor 貢獻者票,paid,,2019-08-17,1500,,Normal / 一般,"Yes, Wait for the Bus at Nangang Expo Center. 需要, 會在南港展覽館候車",L / 胸寬(F.W.): 53cm / 衣長(C.L.): 73cm,1 到 5 年,"AI, Machine Learning, Science, Technology, Engineering & Mathematics, Internet of Things, Arts, Design, Multimedia",ThinkTron Ltd,RD,Taiwan 台灣,Male / 男性,
Invited 邀請票,paid,,2019-08-18,0,,Normal / 一般,No. 不需要,XL / 胸寬(F.W.): 56cm / 衣長(C.L.): 75cm,1 年以內,"AI, Machine Learning, Fintech, Business, Internet of Things",新加坡商安富利股份有限公司台灣分公司,Product Marketing Manager,Taiwan 台灣,Male / 男性,
Contributor 貢獻者票,paid,,2019-08-19,1500,,Normal / 一般,No. 不需要,L / 胸寬(F.W.): 53cm / 衣長(C.L.): 73cm,5 到 10 年,"AI, Machine Learning, Fintech, Business, Web Technology, Science, Technology, Engineering & Mathematics, Education, Human Resource",,,Taiwan 台灣,Male / 男性,
Invited 邀請票,paid,,2019-08-19,0,,Normal / 一般,"Yes, Wait for the Bus at Nangang Expo Center. 需要, 會在南港展覽館候車",M / 胸寬(F.W.): 50cm / 衣長(C.L.): 71cm,1 到 5 年,"Web Technology, Science, Technology, Engineering & Mathematics",交通大學 資訊工程,學生,Taiwan 台灣,Male / 男性,
Contributor 貢獻者票,paid,,2019-08-20,1500,,Normal / 一般,No. 不需要,L / 胸寬(F.W.): 53cm / 衣長(C.L.): 73cm,1 年以內,"Fintech, Business, DevOps, Security, Web Technology, Science, Technology, Engineering & Mathematics, Arts, Design, Multimedia",威聯通科技股份有限公司,Software Engineer,Taiwan 台灣,Male / 男性,
Invited 邀請票,paid,,2019-08-20,0,,Normal / 一般,"Yes, Wait for the Bus at Nangang Expo Center. 需要, 會在南港展覽館候車",M / 胸寬(F.W.): 50cm / 衣長(C.L.): 71cm,1 到 5 年,"AI, Machine Learning, DevOps, Security, Science, Technology, Engineering & Mathematics, Entrepreneurship, Startup, Internet of Things",iCHEF,Backend Engineer,Taiwan 台灣,Male / 男性,
Invited 邀請票,paid,,2019-08-20,0,,Normal / 一般,No. 不需要,L / 胸寬(F.W.): 53cm / 衣長(C.L.): 73cm,5 到 10 年,,,,Taiwan 台灣,,
Invited 邀請票,paid,,2019-08-21,0,,Normal / 一般,"Yes, Wait for the Bus at Nangang Expo Center. 需要, 會在南港展覽館候車",L / 胸寬(F.W.): 53cm / 衣長(C.L.): 73cm,1 到 5 年,"DevOps, Security, Web Technology",塔圖科技股份公司,工程師,Taiwan 台灣,Male / 男性,
Invited 邀請票,paid,,2019-08-21,0,,Normal / 一般,"Yes, Wait for the Bus at Nangang Expo Center. 需要, 會在南港展覽館候車",L / 胸寬(F.W.): 53cm / 衣長(C.L.): 73cm,1 到 5 年,"AI, Machine Learning, Fintech, Business, DevOps, Security, Web Technology",塔圖科技股份有限公司,工程師,Taiwan 台灣,Male / 男性,
Invited 邀請票,paid,,2019-08-21,0,,Normal / 一般,"Yes, Wait for the Bus at Nangang Expo Center. 需要, 會在南港展覽館候車",M / 胸寬(F.W.): 50cm / 衣長(C.L.): 71cm,1 年以內,"AI, Machine Learning, Entrepreneurship, Startup, Sustainability, Health & Wellness",HACARUS,CMO,Other 其它,Male / 男性,
Invited 邀請票,paid,,2019-08-21,0,,Normal / 一般,No. 不需要,M / 胸寬(F.W.): 50cm / 衣長(C.L.): 71cm,5 到 10 年,"AI, Machine Learning, DevOps, Security, Web Technology, Science, Technology, Engineering & Mathematics, Entrepreneurship, Startup, Internet of Things",Hacarus Inc.,Director/CTO,Japan 日本,Male / 男性,
Invited 邀請票,paid,,2019-08-21,0,,Normal / 一般,No. 不需要,M / 胸寬(F.W.): 50cm / 衣長(C.L.): 71cm,1 到 5 年,"AI, Machine Learning, Web Technology, Science, Technology, Engineering & Mathematics",應用服務部,軟體工程師,Taiwan 台灣,Female / 女性,
Invited 邀請票,paid,,2019-08-21,0,,Normal / 一般,No. 不需要,L / 胸寬(F.W.): 53cm / 衣長(C.L.): 73cm,5 到 10 年,"AI, Machine Learning, Science, Technology, Engineering & Mathematics",卓騰語言科技,經理,Taiwan 台灣,Male / 男性,
Invited 邀請票,paid,,2019-08-22,0,,Normal / 一般,No. 不需要,M / 胸寬(F.W.): 50cm / 衣長(C.L.): 71cm,1 到 5 年,"AI, Machine Learning, Internet of Things, Sustainability, Health & Wellness",中央研究院 資訊所,,,,
Invited 邀請票,paid,,2019-08-22,0,,Normal / 一般,"Yes, Wait for the Bus at Nangang Expo Center. 需要, 會在南港展覽館候車",XL / 胸寬(F.W.): 56cm / 衣長(C.L.): 75cm,1 到 5 年,"AI, Machine Learning, DevOps, Security, Science, Technology, Engineering & Mathematics",Appier,Backend engineer,Taiwan 台灣,Male / 男性,
Invited 邀請票,paid,,2019-08-22,0,,Normal / 一般,"Yes, Wait for the Bus at Nangang Expo Center. 需要, 會在南港展覽館候車",L / 胸寬(F.W.): 53cm / 衣長(C.L.): 73cm,10 到 20 年,"AI, Machine Learning, Fintech, Business, DevOps, Security, Web Technology, Science, Technology, Engineering & Mathematics, Entrepreneurship, Startup, Internet of Things, Education, Human Resource, Arts, Design, Multimedia, Sustainability, Health & Wellness",國泰世華銀行/中台發展部,經理,Taiwan 台灣,Male / 男性,
Invited 邀請票,paid,,2019-08-22,0,,Normal / 一般,No. 不需要,M / 胸寬(F.W.): 50cm / 衣長(C.L.): 71cm,1 年以內,"AI, Machine Learning, Fintech, Business, Entrepreneurship, Startup, Internet of Things",Avnet,PM,Taiwan 台灣,Male / 男性,
Invited 邀請票,paid,,2019-08-22,0,,Normal / 一般,"Yes, Wait for the Bus at Nangang Expo Center. 需要, 會在南港展覽館候車",M / 胸寬(F.W.): 50cm / 衣長(C.L.): 71cm,5 到 10 年,"AI, Machine Learning, Web Technology, Science, Technology, Engineering & Mathematics",Shopee,Data Analysis,Taiwan 台灣,Male / 男性,
Contributor 貢獻者票,paid,,2019-08-22,1500,,Normal / 一般,"Yes, Wait for the Bus at Nangang Expo Center. 需要, 會在南港展覽館候車",2XL / 胸寬(F.W.): 58cm / 衣長(C.L.): 78cm,1 到 5 年,"AI, Machine Learning, Fintech, Business, Science, Technology, Engineering & Mathematics, Internet of Things",,,Taiwan 台灣,Male / 男性,
Invited 邀請票,paid,,2019-08-22,0,,Normal / 一般,No. 不需要,M / 胸寬(F.W.): 50cm / 衣長(C.L.): 71cm,1 到 5 年,"Fintech, Business, DevOps, Security, Web Technology, Science, Technology, Engineering & Mathematics, Arts, Design, Multimedia",Shopee Taiwan,Senior Associate,Taiwan 台灣,Male / 男性,
Contributor 貢獻者票,paid,,2019-08-23,1500,,Normal / 一般,No. 不需要,L / 胸寬(F.W.): 53cm / 衣長(C.L.): 73cm,5 到 10 年,"AI, Machine Learning, DevOps, Security, Science, Technology, Engineering & Mathematics, Entrepreneurship, Startup, Education, Human Resource, Arts, Design, Multimedia",TSMC,Principle Engineer,Taiwan 台灣,Male / 男性,
Contributor 貢獻者票,paid,,2019-08-23,1500,,Normal / 一般,No. 不需要,L / 胸寬(F.W.): 53cm / 衣長(C.L.): 73cm,,,,,,,
Invited 邀請票,paid,,2019-08-23,0,,Normal / 一般,No. 不需要,2XL / 胸寬(F.W.): 58cm / 衣長(C.L.): 78cm,1 到 5 年,"AI, Machine Learning, DevOps, Security, Web Technology, Science, Technology, Engineering & Mathematics",樂購蝦皮股份有限公司,Assistant Manager,Taiwan 台灣,Male / 男性,
Contributor 貢獻者票,paid,,2019-08-23,1500,,Normal / 一般,"Yes, Wait for the Bus at Nangang Expo Center. 需要, 會在南港展覽館候車",XS / 胸寬(F.W.): 46cm / 衣長(C.L.): 66cm,1 到 5 年,"Web Technology, Science, Technology, Engineering & Mathematics, Education, Human Resource, Arts, Design, Multimedia",中央大學資管系,學生,Taiwan 台灣,Female / 女性,
Contributor 貢獻者票,paid,,2019-08-23,1500,,Normal / 一般,No. 不需要,XL / 胸寬(F.W.): 56cm / 衣長(C.L.): 75cm,1 到 5 年,"AI, Machine Learning, Fintech, Business, Science, Technology, Engineering & Mathematics",台大財金所,學生,Taiwan 台灣,Male / 男性,
Contributor 貢獻者票,paid,,2019-08-24,1500,,Normal / 一般,"Yes, Wait for the Bus at Nangang Expo Center. 需要, 會在南港展覽館候車",3XL / 胸寬(F.W.): 60cm / 衣長(C.L.): 80cm,1 到 5 年,"AI, Machine Learning, DevOps, Security, Web Technology, Internet of Things",國立臺北商業大學,學生,Taiwan 台灣,Male / 男性,
Speaker 講者票,paid,,2019-08-25,1500,,Normal / 一般,No. 不需要,2XL / 胸寬(F.W.): 58cm / 衣長(C.L.): 78cm,5 到 10 年,"AI, Machine Learning, DevOps, Security, Web Technology, Science, Technology, Engineering & Mathematics, Internet of Things, Arts, Design, Multimedia, Sustainability, Health & Wellness",Micron,Data engineer,Taiwan 台灣,Male / 男性,
Invited 邀請票,paid,,2019-08-25,0,,Normal / 一般,No. 不需要,M / 胸寬(F.W.): 50cm / 衣長(C.L.): 71cm,5 到 10 年,"DevOps, Security, Web Technology, Education, Human Resource",臺灣師範大學 資訊工程學系,student,Taiwan 台灣,Male / 男性,
Invited 邀請票,paid,,2019-08-26,0,,Normal / 一般,"Yes, Wait for the Bus at Nangang Expo Center. 需要, 會在南港展覽館候車",L / 胸寬(F.W.): 53cm / 衣長(C.L.): 73cm,1 年以內,"AI, Machine Learning, Fintech, Business, Web Technology, Science, Technology, Engineering & Mathematics, Arts, Design, Multimedia",國泰金控,工程師,Taiwan 台灣,Male / 男性,
Contributor 貢獻者票,paid,,2019-08-26,1500,,Normal / 一般,No. 不需要,M / 胸寬(F.W.): 50cm / 衣長(C.L.): 71cm,1 到 5 年,"AI, Machine Learning, Fintech, Business, Web Technology",Qnap,Software engineer,Taiwan 台灣,Male / 男性,
Invited 邀請票,paid,,2019-08-27,0,,Normal / 一般,No. 不需要,L / 胸寬(F.W.): 53cm / 衣長(C.L.): 73cm,1 到 5 年,"AI, Machine Learning, DevOps, Security, Science, Technology, Engineering & Mathematics",國泰金控,Data Engineer,Taiwan 台灣,Female / 女性,
Invited 邀請票,paid,,2019-08-27,0,,Normal / 一般,No. 不需要,M / 胸寬(F.W.): 50cm / 衣長(C.L.): 71cm,1 到 5 年,"AI, Machine Learning, Fintech, Business, Science, Technology, Engineering & Mathematics",Cathay DDT,Data scientist,Taiwan 台灣,Male / 男性,
Invited 邀請票,paid,,2019-08-27,0,,Normal / 一般,"Yes, Wait for the Bus at Nangang Expo Center. 需要, 會在南港展覽館候車",L / 胸寬(F.W.): 53cm / 衣長(C.L.): 73cm,1 到 5 年,"Fintech, Business, Web Technology, Science, Technology, Engineering & Mathematics, Entrepreneurship, Startup, Education, Human Resource, Arts, Design, Multimedia, Sustainability, Health & Wellness",Kloudless,Software Engineer,Taiwan 台灣,Male / 男性,
Contributor 貢獻者票,paid,,2019-08-27,1500,,Normal / 一般,"Yes, Wait for the Bus at Nangang Expo Center. 需要, 會在南港展覽館候車",S / 胸寬(F.W.): 48cm / 衣長(C.L.): 68cm,,,,,,,
Invited 邀請票,paid,,2019-08-28,0,,Normal / 一般,No. 不需要,L / 胸寬(F.W.): 53cm / 衣長(C.L.): 73cm,1 到 5 年,"AI, Machine Learning, Fintech, Business",Cathay Financial Holdings,Data Scientist,Taiwan 台灣,Male / 男性,
Invited 邀請票,paid,,2019-08-28,0,,Normal / 一般,No. 不需要,XS / 胸寬(F.W.): 46cm / 衣長(C.L.): 66cm,1 年以內,"AI, Machine Learning, Internet of Things, Arts, Design, Multimedia",,account manager,Taiwan 台灣,Female / 女性,
Invited 邀請票,paid,,2019-08-29,0,,Normal / 一般,No. 不需要,XL / 胸寬(F.W.): 56cm / 衣長(C.L.): 75cm,1 到 5 年,"AI, Machine Learning, DevOps, Security, Web Technology, Science, Technology, Engineering & Mathematics, Internet of Things",Umbo Computer VIsion,Software Engineer,Taiwan 台灣,Male / 男性,
Invited 邀請票,paid,,2019-08-29,0,,Normal / 一般,"Yes, Wait for the Bus at Nangang Expo Center. 需要, 會在南港展覽館候車",L / 胸寬(F.W.): 53cm / 衣長(C.L.): 73cm,1 到 5 年,"AI, Machine Learning, Web Technology",UmboCV,AI Eng,Taiwan 台灣,Female / 女性,
Contributor 貢獻者票,paid,,2019-08-29,1500,,Normal / 一般,No. 不需要,M / 胸寬(F.W.): 50cm / 衣長(C.L.): 71cm,5 到 10 年,"Web Technology, Science, Technology, Engineering & Mathematics",,,Taiwan 台灣,,
Invited 邀請票,paid,,2019-08-29,0,,Normal / 一般,"Yes, Wait for the Bus at Nangang Expo Center. 需要, 會在南港展覽館候車",L / 胸寬(F.W.): 53cm / 衣長(C.L.): 73cm,1 年以內,"AI, Machine Learning, Entrepreneurship, Startup, Internet of Things",,,Japan 日本,Other / 其它,
Invited 邀請票,paid,,2019-08-29,0,,Normal / 一般,"Yes, Wait for the Bus at Nangang Expo Center. 需要, 會在南港展覽館候車",M / 胸寬(F.W.): 50cm / 衣長(C.L.): 71cm,1 年以內,"AI, Machine Learning, Entrepreneurship, Startup, Internet of Things",,,,Other / 其它,
Invited 邀請票,paid,,2019-08-29,0,,Normal / 一般,"Yes, Wait for the Bus at Nangang Expo Center. 需要, 會在南港展覽館候車",M / 胸寬(F.W.): 50cm / 衣長(C.L.): 71cm,,,,,,,
Invited 邀請票,paid,,2019-08-29,0,,Normal / 一般,No. 不需要,M / 胸寬(F.W.): 50cm / 衣長(C.L.): 71cm,1 到 5 年,"AI, Machine Learning",Hacarus,Data Scientist,Taiwan 台灣,Male / 男性,
Contributor 貢獻者票,paid,,2019-08-29,1500,,Normal / 一般,"Yes, Wait for the Bus at Nangang Expo Center. 需要, 會在南港展覽館候車",2XL / 胸寬(F.W.): 58cm / 衣長(C.L.): 78cm,10 到 20 年,"AI, Machine Learning, Fintech, Business, DevOps, Security, Web Technology, Science, Technology, Engineering & Mathematics, Entrepreneurship, Startup, Internet of Things, Education, Human Resource, Arts, Design, Multimedia",,,Taiwan 台灣,Male / 男性,
Invited 邀請票,paid,,2019-08-30,0,,Normal / 一般,No. 不需要,L / 胸寬(F.W.): 53cm / 衣長(C.L.): 73cm,5 到 10 年,"Fintech, Business, DevOps, Security, Web Technology",,VPE,Taiwan 台灣,Male / 男性,
Invited 邀請票,paid,,2019-08-30,0,,Normal / 一般,No. 不需要,S / 胸寬(F.W.): 48cm / 衣長(C.L.): 68cm,1 到 5 年,,,,,,
Invited 邀請票,paid,,2019-08-30,0,,Normal / 一般,No. 不需要,M / 胸寬(F.W.): 50cm / 衣長(C.L.): 71cm,1 到 5 年,"AI, Machine Learning, Fintech, Business, Science, Technology, Engineering & Mathematics, Arts, Design, Multimedia",Gemini Data,Software Engineer,Taiwan 台灣,Male / 男性,
Invited 邀請票,paid,,2019-08-30,0,,Normal / 一般,No. 不需要,M / 胸寬(F.W.): 50cm / 衣長(C.L.): 71cm,1 到 5 年,"AI, Machine Learning, Web Technology",Gemini Data,Software engineer,Taiwan 台灣,Female / 女性,
Invited 邀請票,paid,,2019-08-30,0,,Normal / 一般,"Yes, Wait for the Bus at Nangang Expo Center. 需要, 會在南港展覽館候車",2XL / 胸寬(F.W.): 58cm / 衣長(C.L.): 78cm,5 到 10 年,"AI, Machine Learning, DevOps, Security, Web Technology, Entrepreneurship, Startup, Internet of Things","Gemini Data, Engineering",Engineer,Taiwan 台灣,Male / 男性,
Invited 邀請票,paid,,2019-08-30,0,,Normal / 一般,No. 不需要,S / 胸寬(F.W.): 48cm / 衣長(C.L.): 68cm,,"AI, Machine Learning, Fintech, Business, DevOps, Security, Web Technology, Science, Technology, Engineering & Mathematics, Entrepreneurship, Startup, Internet of Things, Education, Human Resource, Arts, Design, Multimedia, Sustainability, Health & Wellness",國泰金控,經理,Taiwan 台灣,Female / 女性,
Invited 邀請票,paid,,2019-08-30,0,,Normal / 一般,No. 不需要,M / 胸寬(F.W.): 50cm / 衣長(C.L.): 71cm,1 到 5 年,"AI, Machine Learning",Umbo Computer Vision,AI Engineer,Singapore or Malaysia 新加坡/馬來西亞,Male / 男性,
Contributor 貢獻者票,paid,,2019-08-30,1500,,Normal / 一般,"Yes, Wait for the Bus at Nangang Expo Center. 需要, 會在南港展覽館候車",M / 胸寬(F.W.): 50cm / 衣長(C.L.): 71cm,1 年以內,"Web Technology, Arts, Design, Multimedia",靜宜大學資工系,Student,Taiwan 台灣,Female / 女性,
Invited 邀請票,paid,,2019-08-30,0,,Normal / 一般,"Yes, Wait for the Bus at Nangang Expo Center. 需要, 會在南港展覽館候車",M / 胸寬(F.W.): 50cm / 衣長(C.L.): 71cm,1 到 5 年,"Fintech, Business, DevOps, Security, Web Technology",Cathayholdings,資深工程師,Taiwan 台灣,Male / 男性,
Invited 邀請票,paid,,2019-08-30,0,,Normal / 一般,"Yes, Wait for the Bus at Nangang Expo Center. 需要, 會在南港展覽館候車",L / 胸寬(F.W.): 53cm / 衣長(C.L.): 73cm,1 到 5 年,"AI, Machine Learning, DevOps, Security, Web Technology, Internet of Things, Arts, Design, Multimedia",,,,,
Contributor 貢獻者票,paid,,2019-08-30,1500,,Normal / 一般,No. 不需要,L / 胸寬(F.W.): 53cm / 衣長(C.L.): 73cm,1 到 5 年,"AI, Machine Learning, Web Technology, Science, Technology, Engineering & Mathematics",北科大 資工系,Student,Taiwan 台灣,Male / 男性,
Invited 邀請票,paid,,2019-08-31,0,,Normal / 一般,"Yes, Wait for the Bus at Nangang Expo Center. 需要, 會在南港展覽館候車",XL / 胸寬(F.W.): 56cm / 衣長(C.L.): 75cm,1 到 5 年,"AI, Machine Learning, Science, Technology, Engineering & Mathematics, Entrepreneurship, Startup",InfuseAI,COO,Taiwan 台灣,Male / 男性,
Invited 邀請票,paid,,2019-08-31,0,,Normal / 一般,"Yes, Wait for the Bus at Nangang Expo Center. 需要, 會在南港展覽館候車",L / 胸寬(F.W.): 53cm / 衣長(C.L.): 73cm,1 到 5 年,"AI, Machine Learning, DevOps, Security, Web Technology",InfuseAI,Senior Engineer,Taiwan 台灣,Male / 男性,
Speaker 講者票,paid,,2019-08-31,1500,,Vegetarian / 素食者,No. 不需要,S / 胸寬(F.W.): 48cm / 衣長(C.L.): 68cm,1 到 5 年,"AI, Machine Learning",Utrecht Medical Center,PhD student,Other 其它,Female / 女性,
Speaker 講者票,paid,,2019-08-31,1500,,Normal / 一般,"Yes, Wait for the Bus at Nangang Expo Center. 需要, 會在南港展覽館候車",L / 胸寬(F.W.): 53cm / 衣長(C.L.): 73cm,1 到 5 年,"AI, Machine Learning, Science, Technology, Engineering & Mathematics, Education, Human Resource",中興大學應數系,副教授,Taiwan 台灣,Male / 男性,
Contributor 貢獻者票,paid,,2019-08-31,1500,,Normal / 一般,No. 不需要,M / 胸寬(F.W.): 50cm / 衣長(C.L.): 71cm,1 到 5 年,,,,Taiwan 台灣,Male / 男性,
Invited 邀請票,paid,,2019-09-01,0,,Normal / 一般,No. 不需要,L / 胸寬(F.W.): 53cm / 衣長(C.L.): 73cm,1 到 5 年,"AI, Machine Learning, Fintech, Business, Science, Technology, Engineering & Mathematics",,,,,
Contributor 貢獻者票,paid,,2019-09-02,1500,,Normal / 一般,No. 不需要,M / 胸寬(F.W.): 50cm / 衣長(C.L.): 71cm,1 到 5 年,"DevOps, Security, Web Technology",91app,Engineer,Taiwan 台灣,Male / 男性,
Invited 邀請票,paid,,2019-09-03,0,,Normal / 一般,No. 不需要,M / 胸寬(F.W.): 50cm / 衣長(C.L.): 71cm,1 到 5 年,"DevOps, Security, Web Technology, Science, Technology, Engineering & Mathematics",Umbo Computer Vision,QA Engineer,Taiwan 台灣,Male / 男性,
Contributor 貢獻者票,paid,,2019-09-04,1500,,Normal / 一般,No. 不需要,XL / 胸寬(F.W.): 56cm / 衣長(C.L.): 75cm,1 到 5 年,"Fintech, Business, DevOps, Security, Web Technology, Entrepreneurship, Startup",成功大學資訊系,學生,Taiwan 台灣,Male / 男性,
Invited 邀請票,paid,,2019-09-05,0,,Normal / 一般,"Yes, Wait for the Bus at Nangang Expo Center. 需要, 會在南港展覽館候車",XL / 胸寬(F.W.): 56cm / 衣長(C.L.): 75cm,1 到 5 年,"Fintech, Business, Web Technology, Science, Technology, Engineering & Mathematics, Entrepreneurship, Startup, Education, Human Resource",Kloudless,Software Engineer,Taiwan 台灣,Male / 男性,
Invited 邀請票,paid,,2019-09-05,0,,Normal / 一般,"Yes, Wait for the Bus at Nangang Expo Center. 需要, 會在南港展覽館候車",M / 胸寬(F.W.): 50cm / 衣長(C.L.): 71cm,1 到 5 年,"DevOps, Security, Web Technology",Kloudless,Sr. Software Engineer,Taiwan 台灣,Male / 男性,
Invited 邀請票,paid,,2019-09-05,0,,Normal / 一般,No. 不需要,XL / 胸寬(F.W.): 56cm / 衣長(C.L.): 75cm,1 到 5 年,"Entrepreneurship, Startup, Internet of Things",Kloudless,Engineer,Taiwan 台灣,Male / 男性,
Invited 邀請票,paid,,2019-09-05,0,,Normal / 一般,No. 不需要,S / 胸寬(F.W.): 48cm / 衣長(C.L.): 68cm,1 到 5 年,"AI, Machine Learning, DevOps, Security, Web Technology, Science, Technology, Engineering & Mathematics",Umbo Computer Vision,AI and Infrastructure Engineer,Taiwan 台灣,Male / 男性,
Invited 邀請票,paid,,2019-09-06,0,,Normal / 一般,"Yes, Wait for the Bus at Nangang Expo Center. 需要, 會在南港展覽館候車",XL / 胸寬(F.W.): 56cm / 衣長(C.L.): 75cm,1 年以內,Web Technology,Shopee,Software Engineer,Taiwan 台灣,Female / 女性,
Contributor 貢獻者票,paid,,2019-09-06,1500,,Normal / 一般,No. 不需要,2XL / 胸寬(F.W.): 58cm / 衣長(C.L.): 78cm,1 到 5 年,"AI, Machine Learning, DevOps, Security, Web Technology, Science, Technology, Engineering & Mathematics, Internet of Things, Education, Human Resource",國立臺灣海洋大學 資訊工程學系,大一學生,Taiwan 台灣,Male / 男性,
Invited 邀請票,paid,,2019-09-06,0,,Normal / 一般,No. 不需要,M / 胸寬(F.W.): 50cm / 衣長(C.L.): 71cm,1 到 5 年,"AI, Machine Learning, Fintech, Business, DevOps, Security, Web Technology, Science, Technology, Engineering & Mathematics, Entrepreneurship, Startup, Internet of Things",Shopee,Software Engineer,Taiwan 台灣,Male / 男性,
Invited 邀請票,paid,,2019-09-06,0,,Normal / 一般,No. 不需要,L / 胸寬(F.W.): 53cm / 衣長(C.L.): 73cm,1 到 5 年,"AI, Machine Learning, DevOps, Security, Web Technology, Science, Technology, Engineering & Mathematics, Entrepreneurship, Startup, Internet of Things, Education, Human Resource, Arts, Design, Multimedia, Sustainability, Health & Wellness",UmboCV,Hacker,Taiwan 台灣,Male / 男性,
Invited 邀請票,paid,,2019-09-07,0,,Normal / 一般,"Yes, Wait for the Bus at Nangang Expo Center. 需要, 會在南港展覽館候車",L / 胸寬(F.W.): 53cm / 衣長(C.L.): 73cm,1 到 5 年,"AI, Machine Learning, DevOps, Security, Science, Technology, Engineering & Mathematics, Entrepreneurship, Startup",Next Tech Lab,AI Researcher,India 印度,Male / 男性,
Invited 邀請票,paid,,2019-09-07,0,,Normal / 一般,"Yes, Wait for the Bus at Nangang Expo Center. 需要, 會在南港展覽館候車",L / 胸寬(F.W.): 53cm / 衣長(C.L.): 73cm,5 到 10 年,"AI, Machine Learning, Fintech, Business, DevOps, Security, Web Technology, Science, Technology, Engineering & Mathematics, Entrepreneurship, Startup, Internet of Things, Sustainability, Health & Wellness",Freight Filter,Software engineer,India 印度,Male / 男性,
Invited 邀請票,paid,,2019-09-07,0,,Normal / 一般,"Yes, Wait for the Bus at Nangang Expo Center. 需要, 會在南港展覽館候車",M / 胸寬(F.W.): 50cm / 衣長(C.L.): 71cm,5 到 10 年,"AI, Machine Learning, Fintech, Business, DevOps, Security, Science, Technology, Engineering & Mathematics, Internet of Things, Education, Human Resource, Arts, Design, Multimedia, Sustainability, Health & Wellness",,,,,
Invited 邀請票,paid,,2019-09-07,0,,Normal / 一般,No. 不需要,L / 胸寬(F.W.): 53cm / 衣長(C.L.): 73cm,1 到 5 年,"AI, Machine Learning, Web Technology",yuda senior high school,student,Taiwan 台灣,Male / 男性,
Invited 邀請票,paid,,2019-09-07,0,,Normal / 一般,No. 不需要,S / 胸寬(F.W.): 48cm / 衣長(C.L.): 68cm,,,,,,,
Invited 邀請票,paid,,2019-09-07,0,,Normal / 一般,No. 不需要,L / 胸寬(F.W.): 53cm / 衣長(C.L.): 73cm,1 到 5 年,"AI, Machine Learning, Web Technology",,,Taiwan 台灣,Male / 男性,
Invited 邀請票,paid,,2019-09-07,0,,Normal / 一般,No. 不需要,S / 胸寬(F.W.): 48cm / 衣長(C.L.): 68cm,1 到 5 年,"AI, Machine Learning, Web Technology",Yuda senior high school,student,Taiwan 台灣,Female / 女性,
Invited 邀請票,paid,,2019-09-07,0,,Normal / 一般,No. 不需要,L / 胸寬(F.W.): 53cm / 衣長(C.L.): 73cm,1 到 5 年,"AI, Machine Learning",Yuri senior high school,student,Taiwan 台灣,Female / 女性,
Invited 邀請票,paid,,2019-09-07,0,,Normal / 一般,No. 不需要,M / 胸寬(F.W.): 50cm / 衣長(C.L.): 71cm,1 到 5 年,"AI, Machine Learning, Web Technology",yuda senior high school,student,Taiwan 台灣,Female / 女性,
Speaker 講者票,paid,,2019-09-08,1500,,Normal / 一般,No. 不需要,XL / 胸寬(F.W.): 56cm / 衣長(C.L.): 75cm,1 到 5 年,"AI, Machine Learning, Science, Technology, Engineering & Mathematics, Arts, Design, Multimedia",中央研究院,博士後研究學者,Taiwan 台灣,Male / 男性,
Speaker 講者票,paid,,2019-09-08,1500,,Normal / 一般,No. 不需要,XL / 胸寬(F.W.): 56cm / 衣長(C.L.): 75cm,5 到 10 年,"AI, Machine Learning, Fintech, Business, Web Technology, Science, Technology, Engineering & Mathematics",中國信託商業銀行 數據研究發展中心,Manager,Taiwan 台灣,Male / 男性,
Speaker 講者票,paid,,2019-09-08,1500,,Normal / 一般,No. 不需要,S / 胸寬(F.W.): 48cm / 衣長(C.L.): 68cm,10 到 20 年,"AI, Machine Learning, DevOps, Security, Web Technology, Science, Technology, Engineering & Mathematics, Entrepreneurship, Startup, Education, Human Resource",Pinkoi,Python Charmer,Taiwan 台灣,Female / 女性,
Speaker 講者票,paid,,2019-09-08,1500,,Vegetarian / 素食者,"Yes, Wait for the Bus at Nangang Expo Center. 需要, 會在南港展覽館候車",S / 胸寬(F.W.): 48cm / 衣長(C.L.): 68cm,5 到 10 年,"AI, Machine Learning, Web Technology, Science, Technology, Engineering & Mathematics, Internet of Things, Arts, Design, Multimedia, Sustainability, Health & Wellness",Google Cloud,Developer Advocate,United States 美國,Male / 男性,
Contributor 貢獻者票,paid,,2019-09-08,1500,,Normal / 一般,"Yes, Wait for the Bus at Nangang Expo Center. 需要, 會在南港展覽館候車",M / 胸寬(F.W.): 50cm / 衣長(C.L.): 71cm,10 到 20 年,"AI, Machine Learning, Science, Technology, Engineering & Mathematics, Internet of Things",台灣大學物理系,助研究員,Taiwan 台灣,Male / 男性,
Invited 邀請票,paid,,2019-09-08,0,,Normal / 一般,No. 不需要,L / 胸寬(F.W.): 53cm / 衣長(C.L.): 73cm,5 到 10 年,"AI, Machine Learning, Web Technology, Internet of Things",,,Taiwan 台灣,Male / 男性,
Invited 邀請票,paid,,2019-09-09,0,,Normal / 一般,"Yes, Wait for the Bus at Nangang Expo Center. 需要, 會在南港展覽館候車",L / 胸寬(F.W.): 53cm / 衣長(C.L.): 73cm,1 到 5 年,"AI, Machine Learning, Fintech, Business, DevOps, Security, Web Technology, Science, Technology, Engineering & Mathematics, Entrepreneurship, Startup",Shopee,Software engineer,Taiwan 台灣,Male / 男性,
Contributor 貢獻者票,paid,,2019-09-09,1500,,Normal / 一般,No. 不需要,M / 胸寬(F.W.): 50cm / 衣長(C.L.): 71cm,5 到 10 年,"AI, Machine Learning, Web Technology, Science, Technology, Engineering & Mathematics, Arts, Design, Multimedia",,,Taiwan 台灣,Female / 女性,
Invited 邀請票,paid,,2019-09-09,0,,Normal / 一般,"Yes, Wait for the Bus at Nangang Expo Center. 需要, 會在南港展覽館候車",XL / 胸寬(F.W.): 56cm / 衣長(C.L.): 75cm,5 到 10 年,"AI, Machine Learning, DevOps, Security, Web Technology, Science, Technology, Engineering & Mathematics, Entrepreneurship, Startup",Atlan,Machine Learning Engineer,India 印度,Male / 男性,
Contributor 貢獻者票,paid,,2019-09-09,1500,,Normal / 一般,No. 不需要,XL / 胸寬(F.W.): 56cm / 衣長(C.L.): 75cm,1 到 5 年,"AI, Machine Learning, Web Technology, Science, Technology, Engineering & Mathematics, Internet of Things",IGS,Software Engineer,Taiwan 台灣,Male / 男性,
Contributor 貢獻者票,paid,,2019-09-10,1500,,Normal / 一般,No. 不需要,M / 胸寬(F.W.): 50cm / 衣長(C.L.): 71cm,1 到 5 年,"AI, Machine Learning",NTUT EE,Student,Taiwan 台灣,Male / 男性,
Invited 邀請票,paid,,2019-09-09,0,,Normal / 一般,No. 不需要,L / 胸寬(F.W.): 53cm / 衣長(C.L.): 73cm,5 到 10 年,"AI, Machine Learning, DevOps, Security, Web Technology, Entrepreneurship, Startup, Education, Human Resource",Rayark Inc.,Data Team Lead,Taiwan 台灣,Male / 男性,
Contributor 貢獻者票,paid,,2019-09-09,1500,,Normal / 一般,No. 不需要,M / 胸寬(F.W.): 50cm / 衣長(C.L.): 71cm,1 到 5 年,Web Technology,逢甲大學資工系,學生,Taiwan 台灣,Male / 男性,
Contributor 貢獻者票,paid,,2019-09-09,1500,,Normal / 一般,"Yes, Wait for the Bus at Nangang Expo Center. 需要, 會在南港展覽館候車",L / 胸寬(F.W.): 53cm / 衣長(C.L.): 73cm,5 到 10 年,"AI, Machine Learning, Education, Human Resource, Arts, Design, Multimedia",Synopsys,Consultant,Taiwan 台灣,Male / 男性,
Contributor 貢獻者票,paid,,2019-09-09,1500,,Normal / 一般,"Yes, Wait for the Bus at Nangang Expo Center. 需要, 會在南港展覽館候車",S / 胸寬(F.W.): 48cm / 衣長(C.L.): 68cm,5 到 10 年,"DevOps, Security, Science, Technology, Engineering & Mathematics, Internet of Things",Canonical Ltd.,Software Engineer,Taiwan 台灣,Male / 男性,
Invited 邀請票,paid,,2019-09-09,0,,Normal / 一般,No. 不需要,L / 胸寬(F.W.): 53cm / 衣長(C.L.): 73cm,1 到 5 年,"AI, Machine Learning, Web Technology, Science, Technology, Engineering & Mathematics",中央研究院資創中心,研究助理,Taiwan 台灣,Male / 男性,
Contributor 貢獻者票,paid,,2019-09-09,1500,,Normal / 一般,No. 不需要,M / 胸寬(F.W.): 50cm / 衣長(C.L.): 71cm,1 到 5 年,"AI, Machine Learning, Fintech, Business",,,,,
Contributor 貢獻者票,paid,,2019-09-10,1500,,Normal / 一般,No. 不需要,S / 胸寬(F.W.): 48cm / 衣長(C.L.): 68cm,1 到 5 年,"AI, Machine Learning, Web Technology, Science, Technology, Engineering & Mathematics, Internet of Things",國立政治大學資訊科學所,學生,Taiwan 台灣,Male / 男性,
Speaker 講者票,paid,,2019-09-09,1500,,Normal / 一般,No. 不需要,L / 胸寬(F.W.): 53cm / 衣長(C.L.): 73cm,5 到 10 年,"AI, Machine Learning, Web Technology",Instagram,Software Engineer,United States 美國,Male / 男性,
Contributor 貢獻者票,paid,,2019-09-10,1500,,Normal / 一般,"Yes, Wait for the Bus at Nangang Expo Center. 需要, 會在南港展覽館候車",XL / 胸寬(F.W.): 56cm / 衣長(C.L.): 75cm,1 到 5 年,"AI, Machine Learning, Science, Technology, Engineering & Mathematics",長庚大學資訊管理學系,student,Taiwan 台灣,Male / 男性,
Contributor 貢獻者票,paid,,2019-09-10,1500,,Normal / 一般,"Yes, Wait for the Bus at Nangang Expo Center. 需要, 會在南港展覽館候車",M / 胸寬(F.W.): 50cm / 衣長(C.L.): 71cm,1 到 5 年,"AI, Machine Learning, Web Technology, Entrepreneurship, Startup",KOLABLE,CTO & Co-founder,Taiwan 台灣,Male / 男性,
Contributor 貢獻者票,paid,,2019-09-10,1500,,Normal / 一般,No. 不需要,M / 胸寬(F.W.): 50cm / 衣長(C.L.): 71cm,,,,,,,
Contributor 貢獻者票,paid,,2019-09-10,1500,,Normal / 一般,"Yes, Wait for the Bus at Nangang Expo Center. 需要, 會在南港展覽館候車",L / 胸寬(F.W.): 53cm / 衣長(C.L.): 73cm,5 到 10 年,"AI, Machine Learning, Science, Technology, Engineering & Mathematics, Education, Human Resource",ITRI,Engineer,Taiwan 台灣,Male / 男性,
Speaker 講者票,paid,,2019-09-10,1500,,Normal / 一般,No. 不需要,XL / 胸寬(F.W.): 56cm / 衣長(C.L.): 75cm,10 到 20 年,"AI, Machine Learning, Fintech, Business, Science, Technology, Engineering & Mathematics, Entrepreneurship, Startup, Internet of Things",卓騰語言科技股份有限公司,總經理,Taiwan 台灣,Male / 男性,
Fanatic 鐵粉票,paid,,2019-09-11,1800,,Normal / 一般,No. 不需要,M / 胸寬(F.W.): 50cm / 衣長(C.L.): 71cm,1 到 5 年,"AI, Machine Learning",,,Taiwan 台灣,Female / 女性,
Invited 邀請票,paid,,2019-09-11,0,,Normal / 一般,No. 不需要,M / 胸寬(F.W.): 50cm / 衣長(C.L.): 71cm,,,,,,,
Contributor 貢獻者票,paid,,2019-09-11,1500,,Normal / 一般,No. 不需要,2XL / 胸寬(F.W.): 58cm / 衣長(C.L.): 78cm,5 到 10 年,"AI, Machine Learning, Fintech, Business, DevOps, Security, Entrepreneurship, Startup",IT/EC2,Engineer,Taiwan 台灣,Male / 男性,
Invited 邀請票,paid,,2019-09-11,0,,Normal / 一般,"Yes, Wait for the Bus at Nangang Expo Center. 需要, 會在南港展覽館候車",L / 胸寬(F.W.): 53cm / 衣長(C.L.): 73cm,5 到 10 年,"Science, Technology, Engineering & Mathematics",玉山銀行,科長,Taiwan 台灣,Male / 男性,
Invited 邀請票,paid,,2019-09-11,0,,Normal / 一般,"Yes, Wait for the Bus at Nangang Expo Center. 需要, 會在南港展覽館候車",M / 胸寬(F.W.): 50cm / 衣長(C.L.): 71cm,1 到 5 年,"AI, Machine Learning, Fintech, Business, Science, Technology, Engineering & Mathematics, Internet of Things",E.SUN Bank,Manager,Taiwan 台灣,Male / 男性,
Invited 邀請票,paid,,2019-09-11,0,,Normal / 一般,No. 不需要,M / 胸寬(F.W.): 50cm / 衣長(C.L.): 71cm,1 到 5 年,"AI, Machine Learning, Fintech, Business, DevOps, Security",玉山銀行,助理襄理,Taiwan 台灣,Male / 男性,
Contributor 貢獻者票,paid,,2019-09-11,1500,,Normal / 一般,"Yes, Wait for the Bus at Nangang Expo Center. 需要, 會在南港展覽館候車",L / 胸寬(F.W.): 53cm / 衣長(C.L.): 73cm,1 到 5 年,"AI, Machine Learning, Fintech, Business",InfuseAI,,Taiwan 台灣,Male / 男性,
Contributor 貢獻者票,paid,,2019-09-11,1500,,Normal / 一般,"Yes, Wait for the Bus at Nangang Expo Center. 需要, 會在南港展覽館候車",M / 胸寬(F.W.): 50cm / 衣長(C.L.): 71cm,1 到 5 年,"AI, Machine Learning, Web Technology, Science, Technology, Engineering & Mathematics",,,,,
Invited 邀請票,paid,,2019-09-11,0,,Normal / 一般,No. 不需要,XL / 胸寬(F.W.): 56cm / 衣長(C.L.): 75cm,1 到 5 年,"Fintech, Business, Web Technology",玉山銀行,,Taiwan 台灣,Male / 男性,
Invited 邀請票,paid,,2019-09-11,0,,Normal / 一般,"Yes, Wait for the Bus at Nangang Expo Center. 需要, 會在南港展覽館候車",L / 胸寬(F.W.): 53cm / 衣長(C.L.): 73cm,5 到 10 年,"AI, Machine Learning, Fintech, Business",E.Sun Bank,Assistant Manager,Taiwan 台灣,Female / 女性,
Invited 邀請票,paid,,2019-09-12,0,,Normal / 一般,No. 不需要,XL / 胸寬(F.W.): 56cm / 衣長(C.L.): 75cm,1 到 5 年,"AI, Machine Learning",,,,,
Contributor 貢獻者票,paid,,2019-09-13,1500,,Normal / 一般,No. 不需要,M / 胸寬(F.W.): 50cm / 衣長(C.L.): 71cm,5 到 10 年,"AI, Machine Learning, DevOps, Security, Entrepreneurship, Startup, Internet of Things",Deep Sentinel,Software Engineer,Taiwan 台灣,Male / 男性,
Invited 邀請票,paid,,2019-09-13,0,,Normal / 一般,No. 不需要,L / 胸寬(F.W.): 53cm / 衣長(C.L.): 73cm,10 到 20 年,"DevOps, Security, Web Technology, Science, Technology, Engineering & Mathematics, Arts, Design, Multimedia",Python Software Foundation,,Korea 韓國,Male / 男性,
Contributor 貢獻者票,paid,,2019-09-15,1500,,Normal / 一般,"Yes, Wait for the Bus at Nangang Expo Center. 需要, 會在南港展覽館候車",M / 胸寬(F.W.): 50cm / 衣長(C.L.): 71cm,5 到 10 年,"AI, Machine Learning, DevOps, Security, Web Technology, Education, Human Resource, Arts, Design, Multimedia",中華民國國軍,二兵,Taiwan 台灣,Male / 男性,
Speaker 講者票,paid,,2019-09-14,1500,,Normal / 一般,No. 不需要,M / 胸寬(F.W.): 50cm / 衣長(C.L.): 71cm,1 到 5 年,"AI, Machine Learning, Science, Technology, Engineering & Mathematics, Entrepreneurship, Startup, Education, Human Resource",,,Taiwan 台灣,Male / 男性,
Invited 邀請票,paid,,2019-09-15,0,,Normal / 一般,"Yes, Wait for the Bus at Nangang Expo Center. 需要, 會在南港展覽館候車",M / 胸寬(F.W.): 50cm / 衣長(C.L.): 71cm,1 到 5 年,"AI, Machine Learning, Fintech, Business, Science, Technology, Engineering & Mathematics",玉山銀行,Engineer,Taiwan 台灣,Female / 女性,
Contributor 貢獻者票,paid,,2019-09-15,1500,,Normal / 一般,"Yes, Wait for the Bus at Nangang Expo Center. 需要, 會在南港展覽館候車",L / 胸寬(F.W.): 53cm / 衣長(C.L.): 73cm,10 到 20 年,"AI, Machine Learning, DevOps, Security, Web Technology, Entrepreneurship, Startup",ICHEF,Engineer,Taiwan 台灣,Male / 男性,
Contributor 貢獻者票,paid,,2019-09-15,1500,,Normal / 一般,"Yes, Wait for the Bus at Nangang Expo Center. 需要, 會在南港展覽館候車",2XL / 胸寬(F.W.): 58cm / 衣長(C.L.): 78cm,1 年以內,"AI, Machine Learning, Web Technology, Arts, Design, Multimedia",,,Taiwan 台灣,Male / 男性,
Speaker 講者票,paid,,2019-09-15,1500,,Normal / 一般,"Yes, Wait for the Bus at Nangang Expo Center. 需要, 會在南港展覽館候車",M / 胸寬(F.W.): 50cm / 衣長(C.L.): 71cm,1 到 5 年,"AI, Machine Learning, DevOps, Security",Trendmicro,Engineer,Taiwan 台灣,Male / 男性,
Invited 邀請票,paid,,2019-09-16,0,,Normal / 一般,No. 不需要,XL / 胸寬(F.W.): 56cm / 衣長(C.L.): 75cm,1 到 5 年,"DevOps, Security, Web Technology",創順科技有限公司,Backend Engineer,Taiwan 台灣,Male / 男性,
Invited 邀請票,paid,,2019-09-16,0,,Normal / 一般,No. 不需要,M / 胸寬(F.W.): 50cm / 衣長(C.L.): 71cm,1 到 5 年,"DevOps, Security, Web Technology, Science, Technology, Engineering & Mathematics, Entrepreneurship, Startup",Unnotech,Backend Engineer,Taiwan 台灣,Male / 男性,
Invited 邀請票,paid,,2019-09-16,0,,Normal / 一般,"Yes, Wait for the Bus at Nangang Expo Center. 需要, 會在南港展覽館候車",S / 胸寬(F.W.): 48cm / 衣長(C.L.): 68cm,1 到 5 年,"AI, Machine Learning, Web Technology, Sustainability, Health & Wellness",智庫驅動股份有限公司,資料工程師,Taiwan 台灣,Male / 男性,
Invited 邀請票,paid,,2019-09-16,0,,Normal / 一般,No. 不需要,M / 胸寬(F.W.): 50cm / 衣長(C.L.): 71cm,1 到 5 年,"DevOps, Security, Web Technology",創順科技,後端工程師,Taiwan 台灣,Male / 男性,
Invited 邀請票,paid,,2019-09-16,0,,Normal / 一般,"Yes, Wait for the Bus at Nangang Expo Center. 需要, 會在南港展覽館候車",M / 胸寬(F.W.): 50cm / 衣長(C.L.): 71cm,1 到 5 年,"Fintech, Business, Web Technology, Internet of Things",創順科技,backend engineer,Taiwan 台灣,Male / 男性,
Invited 邀請票,paid,,2019-09-16,0,,Normal / 一般,"Yes, Wait for the Bus at Nangang Expo Center. 需要, 會在南港展覽館候車",M / 胸寬(F.W.): 50cm / 衣長(C.L.): 71cm,1 到 5 年,"AI, Machine Learning, DevOps, Security, Science, Technology, Engineering & Mathematics, Entrepreneurship, Startup",創順科技,Backend Engineer,Taiwan 台灣,Male / 男性,
Invited 邀請票,paid,,2019-09-16,0,,Normal / 一般,"Yes, Wait for the Bus at Nangang Expo Center. 需要, 會在南港展覽館候車",M / 胸寬(F.W.): 50cm / 衣長(C.L.): 71cm,1 到 5 年,"DevOps, Security, Web Technology",創順科技,Backend Engineer,Taiwan 台灣,Male / 男性,
Contributor 貢獻者票,paid,,2019-09-17,1500,,Vegetarian / 素食者,"Yes, Wait for the Bus at Nangang Expo Center. 需要, 會在南港展覽館候車",XS / 胸寬(F.W.): 46cm / 衣長(C.L.): 66cm,1 到 5 年,"Science, Technology, Engineering & Mathematics, Education, Human Resource, Arts, Design, Multimedia",TSMC,RD Engineer,Taiwan 台灣,Female / 女性,
Invited 邀請票,paid,,2019-09-17,0,,Normal / 一般,No. 不需要,M / 胸寬(F.W.): 50cm / 衣長(C.L.): 71cm,5 到 10 年,"AI, Machine Learning, Fintech, Business, DevOps, Security, Web Technology, Science, Technology, Engineering & Mathematics",Microsoft,,,,
Invited 邀請票,paid,,2019-09-17,0,,Normal / 一般,No. 不需要,2XL / 胸寬(F.W.): 58cm / 衣長(C.L.): 78cm,1 到 5 年,"AI, Machine Learning, Fintech, Business, Web Technology, Science, Technology, Engineering & Mathematics, Entrepreneurship, Startup, Education, Human Resource",Microsoft,Software Engineer intern,Taiwan 台灣,Male / 男性,
Contributor 貢獻者票,paid,,2019-09-18,1500,,Normal / 一般,"Yes, Wait for the Bus at Nangang Expo Center. 需要, 會在南港展覽館候車",L / 胸寬(F.W.): 53cm / 衣長(C.L.): 73cm,1 年以內,"DevOps, Security, Web Technology",Symph,Automation Engineer,Other 其它,Male / 男性,
Contributor 貢獻者票,paid,,2019-09-18,1500,,Normal / 一般,"Yes, Wait for the Bus at Nangang Expo Center. 需要, 會在南港展覽館候車",M / 胸寬(F.W.): 50cm / 衣長(C.L.): 71cm,5 到 10 年,"Entrepreneurship, Startup, Education, Human Resource, Sustainability, Health & Wellness",Symph,Project Manager,Other 其它,Female / 女性,
Invited 邀請票,paid,,2019-09-18,0,,Normal / 一般,No. 不需要,M / 胸寬(F.W.): 50cm / 衣長(C.L.): 71cm,1 到 5 年,"Fintech, Business, DevOps, Security, Web Technology, Internet of Things",輔仁大學資訊工程學系,學生,Taiwan 台灣,Male / 男性,
Contributor 貢獻者票,paid,,2019-09-18,1500,,Normal / 一般,"Yes, Wait for the Bus at Nangang Expo Center. 需要, 會在南港展覽館候車",M / 胸寬(F.W.): 50cm / 衣長(C.L.): 71cm,1 到 5 年,"AI, Machine Learning",UDN Group,Data Analyst,Taiwan 台灣,Male / 男性,
Contributor 貢獻者票,paid,,2019-09-18,1500,,Normal / 一般,"Yes, Wait for the Bus at Nangang Expo Center. 需要, 會在南港展覽館候車",2XL / 胸寬(F.W.): 58cm / 衣長(C.L.): 78cm,1 年以內,"Science, Technology, Engineering & Mathematics",,,,,
Contributor 貢獻者票,paid,,2019-09-18,1500,,Normal / 一般,No. 不需要,M / 胸寬(F.W.): 50cm / 衣長(C.L.): 71cm,1 到 5 年,"AI, Machine Learning, Science, Technology, Engineering & Mathematics, Entrepreneurship, Startup",,data scientist,Taiwan 台灣,Male / 男性,
Contributor 貢獻者票,paid,,2019-09-19,1500,,Normal / 一般,No. 不需要,L / 胸寬(F.W.): 53cm / 衣長(C.L.): 73cm,1 年以內,"AI, Machine Learning, Fintech, Business, Web Technology, Science, Technology, Engineering & Mathematics, Internet of Things",,,,,
Contributor 貢獻者票,paid,,2019-09-19,1500,,Vegetarian / 素食者,No. 不需要,M / 胸寬(F.W.): 50cm / 衣長(C.L.): 71cm,10 到 20 年,"AI, Machine Learning, Fintech, Business, DevOps, Security, Web Technology, Science, Technology, Engineering & Mathematics, Entrepreneurship, Startup, Internet of Things, Education, Human Resource, Arts, Design, Multimedia, Sustainability, Health & Wellness","iiNumbers, INC",CEO,Taiwan 台灣,Male / 男性,
Invited 邀請票,paid,,2019-09-19,0,,Normal / 一般,"Yes, Wait for the Bus at Nangang Expo Center. 需要, 會在南港展覽館候車",M / 胸寬(F.W.): 50cm / 衣長(C.L.): 71cm,1 年以內,"AI, Machine Learning, Fintech, Business, Education, Human Resource",香港商易安聯股份有限公司台灣分公司,HR Specialist,Taiwan 台灣,Male / 男性,
Invited 邀請票,paid,,2019-09-19,0,,Normal / 一般,No. 不需要,L / 胸寬(F.W.): 53cm / 衣長(C.L.): 73cm,5 到 10 年,"Fintech, Business, Arts, Design, Multimedia",EMQ,Software Engineer (Backend),Taiwan 台灣,Male / 男性,
Invited 邀請票,paid,,2019-09-19,0,,Normal / 一般,"Yes, Wait for the Bus at Nangang Expo Center. 需要, 會在南港展覽館候車",L / 胸寬(F.W.): 53cm / 衣長(C.L.): 73cm,1 年以內,"Fintech, Business",EMQ,Product Manager,Taiwan 台灣,Male / 男性,
Invited 邀請票,paid,,2019-09-19,0,,Normal / 一般,No. 不需要,XL / 胸寬(F.W.): 56cm / 衣長(C.L.): 75cm,1 到 5 年,"Fintech, Business",EMQ,,Taiwan 台灣,Male / 男性,
Invited 邀請票,paid,,2019-09-19,0,,Normal / 一般,No. 不需要,S / 胸寬(F.W.): 48cm / 衣長(C.L.): 68cm,1 到 5 年,"AI, Machine Learning, Fintech, Business, DevOps, Security, Web Technology, Science, Technology, Engineering & Mathematics, Entrepreneurship, Startup, Internet of Things, Education, Human Resource, Arts, Design, Multimedia, Sustainability, Health & Wellness",EMQ,Office Manager,Taiwan 台灣,Female / 女性,
Invited 邀請票,paid,,2019-09-19,0,,Normal / 一般,No. 不需要,2XL / 胸寬(F.W.): 58cm / 衣長(C.L.): 78cm,5 到 10 年,"AI, Machine Learning, Fintech, Business, DevOps, Security, Science, Technology, Engineering & Mathematics",EMQ Inc.,Chief Cloud Architect,Taiwan 台灣,Male / 男性,
Speaker 講者票,paid,,2019-09-20,1500,,Normal / 一般,No. 不需要,M / 胸寬(F.W.): 50cm / 衣長(C.L.): 71cm,,,,,,,
