Ticket Type,Payment Status,Tags,Paid Date,Price,Dietary Habit / 餐點偏好,Need Shuttle Bus Service? 會議三天的早上  要搭交通車到會場嗎?,Size of T-shirt / T恤尺寸,Years of Using Python / 使用 Python 多久,Area of Interest / 興趣領域,"Job Title / 職稱 (If you are a student, fill in ""student"")",Come From / 國家或地區,Gender / 生理性別
Discount 優惠價,paid,,2019-07-31,2600,Normal / 一般,No. 不需要,M / 胸寬(F.W.): 50cm / 衣長(C.L.): 71cm,1 到 5 年,"AI, Machine Learning, Web Technology, Science, Technology, Engineering & Mathematics, Internet of Things",軟體工程師,Taiwan 台灣,Male / 男性
Discount 優惠價,paid,,2019-07-31,2600,Normal / 一般,No. 不需要,M / 胸寬(F.W.): 50cm / 衣長(C.L.): 71cm,1 到 5 年,"AI, Machine Learning, Web Technology, Internet of Things, Sustainability, Health & Wellness",Software Engineer,Taiwan 台灣,Male / 男性
Discount 優惠價,paid,,2019-07-31,2600,Normal / 一般,No. 不需要,XL / 胸寬(F.W.): 56cm / 衣長(C.L.): 75cm,1 到 5 年,"AI, Machine Learning, Web Technology, Science, Technology, Engineering & Mathematics",Software engineer,Taiwan 台灣,Male / 男性
Discount 優惠價,paid,,2019-07-31,2600,Normal / 一般,"Yes, Wait for the Bus at Nangang Expo Center. 需要, 會在南港展覽館候車",M / 胸寬(F.W.): 50cm / 衣長(C.L.): 71cm,1 到 5 年,"AI, Machine Learning, Fintech, Business, DevOps, Security, Web Technology, Science, Technology, Engineering & Mathematics",數據分析工程師,Taiwan 台灣,Male / 男性
Discount 優惠價,paid,,2019-07-31,2600,Normal / 一般,No. 不需要,L / 胸寬(F.W.): 53cm / 衣長(C.L.): 73cm,1 到 5 年,"AI, Machine Learning, Science, Technology, Engineering & Mathematics, Entrepreneurship, Startup",助理研究員,Taiwan 台灣,Male / 男性
Discount 優惠價,paid,,2019-07-31,2600,Normal / 一般,"Yes, Wait for the Bus at Nangang Expo Center. 需要, 會在南港展覽館候車",S / 胸寬(F.W.): 48cm / 衣長(C.L.): 68cm,1 到 5 年,"AI, Machine Learning",管理師,,
Discount 優惠價,paid,,2019-07-31,2600,Normal / 一般,"Yes, Wait for the Bus at Nangang Expo Center. 需要, 會在南港展覽館候車",L / 胸寬(F.W.): 53cm / 衣長(C.L.): 73cm,1 到 5 年,"AI, Machine Learning, Fintech, Business, DevOps, Security, Web Technology, Science, Technology, Engineering & Mathematics, Internet of Things",士官長,Taiwan 台灣,Male / 男性
Discount 優惠價,paid,,2019-07-31,2600,Normal / 一般,"Yes, Wait for the Bus at Nangang Expo Center. 需要, 會在南港展覽館候車",XL / 胸寬(F.W.): 56cm / 衣長(C.L.): 75cm,1 到 5 年,"AI, Machine Learning, DevOps, Security, Web Technology",student,Taiwan 台灣,Male / 男性
Discount 優惠價,paid,,2019-07-31,2600,Normal / 一般,"Yes, Wait for the Bus at Nangang Expo Center. 需要, 會在南港展覽館候車",L / 胸寬(F.W.): 53cm / 衣長(C.L.): 73cm,1 到 5 年,"DevOps, Security, Web Technology, Education, Human Resource, Arts, Design, Multimedia",,Taiwan 台灣,Male / 男性
Discount 優惠價,paid,,2019-07-31,2600,Normal / 一般,"Yes, Wait for the Bus at Nangang Expo Center. 需要, 會在南港展覽館候車",M / 胸寬(F.W.): 50cm / 衣長(C.L.): 71cm,1 到 5 年,,,,
Discount 優惠價,paid,,2019-07-31,2600,Normal / 一般,No. 不需要,XL / 胸寬(F.W.): 56cm / 衣長(C.L.): 75cm,1 到 5 年,"AI, Machine Learning, Fintech, Business, DevOps, Security, Web Technology, Science, Technology, Engineering & Mathematics, Entrepreneurship, Startup, Internet of Things, Education, Human Resource, Arts, Design, Multimedia, Sustainability, Health & Wellness",Data Engineer,Taiwan 台灣,Male / 男性
Discount 優惠價,paid,,2019-07-31,2600,Normal / 一般,No. 不需要,M / 胸寬(F.W.): 50cm / 衣長(C.L.): 71cm,1 到 5 年,"Science, Technology, Engineering & Mathematics",Software Engineer,Taiwan 台灣,Male / 男性
Discount 優惠價,paid,,2019-08-01,2600,Normal / 一般,No. 不需要,M / 胸寬(F.W.): 50cm / 衣長(C.L.): 71cm,1 年以內,"AI, Machine Learning",,,
Discount 優惠價,paid,,2019-07-31,2600,Normal / 一般,No. 不需要,M / 胸寬(F.W.): 50cm / 衣長(C.L.): 71cm,1 年以內,"Science, Technology, Engineering & Mathematics, Internet of Things, Sustainability, Health & Wellness",Senior Engineer,Taiwan 台灣,Male / 男性
Discount 優惠價,paid,,2019-07-31,2600,Normal / 一般,No. 不需要,S / 胸寬(F.W.): 48cm / 衣長(C.L.): 68cm,1 到 5 年,"DevOps, Security, Web Technology, Entrepreneurship, Startup",Associate researcher,Taiwan 台灣,Male / 男性
Discount 優惠價,paid,,2019-07-31,2600,Normal / 一般,No. 不需要,XL / 胸寬(F.W.): 56cm / 衣長(C.L.): 75cm,1 到 5 年,"AI, Machine Learning, Fintech, Business, DevOps, Security, Science, Technology, Engineering & Mathematics",Engineer,Taiwan 台灣,Male / 男性
Discount 優惠價,paid,,2019-07-31,2600,Normal / 一般,No. 不需要,2XL / 胸寬(F.W.): 58cm / 衣長(C.L.): 78cm,,"AI, Machine Learning, DevOps, Security, Web Technology, Science, Technology, Engineering & Mathematics, Entrepreneurship, Startup, Arts, Design, Multimedia",Software Developer,Taiwan 台灣,Male / 男性
Discount 優惠價,paid,,2019-07-31,2600,Normal / 一般,"Yes, Wait for the Bus at Nangang Expo Center. 需要, 會在南港展覽館候車",XL / 胸寬(F.W.): 56cm / 衣長(C.L.): 75cm,5 到 10 年,"AI, Machine Learning, Fintech, Business, Science, Technology, Engineering & Mathematics, Entrepreneurship, Startup",副研究員,Taiwan 台灣,Male / 男性
Discount 優惠價,paid,,2019-07-31,2600,Normal / 一般,No. 不需要,M / 胸寬(F.W.): 50cm / 衣長(C.L.): 71cm,5 到 10 年,Web Technology,QA Engineer,Taiwan 台灣,Male / 男性
Discount 優惠價,paid,,2019-08-01,2600,Normal / 一般,No. 不需要,L / 胸寬(F.W.): 53cm / 衣長(C.L.): 73cm,1 年以內,"AI, Machine Learning, Fintech, Business, Science, Technology, Engineering & Mathematics, Internet of Things",經理,Taiwan 台灣,Male / 男性
Discount 優惠價,paid,,2019-07-31,2600,Normal / 一般,"Yes, Wait for the Bus at Nangang Expo Center. 需要, 會在南港展覽館候車",M / 胸寬(F.W.): 50cm / 衣長(C.L.): 71cm,1 到 5 年,"Fintech, Business, DevOps, Security, Web Technology",Full stack engineer,Taiwan 台灣,Male / 男性
Discount 優惠價,paid,,2019-07-31,2600,Normal / 一般,"Yes, Wait for the Bus at Nangang Expo Center. 需要, 會在南港展覽館候車",M / 胸寬(F.W.): 50cm / 衣長(C.L.): 71cm,1 到 5 年,"AI, Machine Learning, Fintech, Business, DevOps, Security, Web Technology, Science, Technology, Engineering & Mathematics, Internet of Things",Software Engineer,Other 其它,Male / 男性
Discount 優惠價,paid,,2019-07-31,2600,Normal / 一般,No. 不需要,XL / 胸寬(F.W.): 56cm / 衣長(C.L.): 75cm,1 到 5 年,"Fintech, Business, Web Technology",副理,Taiwan 台灣,Male / 男性
Discount 優惠價,paid,,2019-07-31,2600,Normal / 一般,No. 不需要,XL / 胸寬(F.W.): 56cm / 衣長(C.L.): 75cm,5 到 10 年,,,Taiwan 台灣,Male / 男性
Discount 優惠價,paid,,2019-07-31,2600,Normal / 一般,"Yes, Wait for the Bus at Nangang Expo Center. 需要, 會在南港展覽館候車",M / 胸寬(F.W.): 50cm / 衣長(C.L.): 71cm,1 到 5 年,"AI, Machine Learning, DevOps, Security, Web Technology, Entrepreneurship, Startup, Internet of Things",Sr. Engineer,Taiwan 台灣,Male / 男性
Discount 優惠價,paid,,2019-07-31,2600,Normal / 一般,"Yes, Wait for the Bus at Nangang Expo Center. 需要, 會在南港展覽館候車",2XL / 胸寬(F.W.): 58cm / 衣長(C.L.): 78cm,1 到 5 年,"AI, Machine Learning, Fintech, Business, Science, Technology, Engineering & Mathematics",,,
Discount 優惠價,paid,,2019-07-31,2600,Normal / 一般,No. 不需要,S / 胸寬(F.W.): 48cm / 衣長(C.L.): 68cm,1 到 5 年,"DevOps, Security, Web Technology, Science, Technology, Engineering & Mathematics",後端工程師,Taiwan 台灣,Male / 男性
Discount 優惠價,paid,,2019-07-31,2600,Vegetarian / 素食者,No. 不需要,XS / 胸寬(F.W.): 46cm / 衣長(C.L.): 66cm,1 到 5 年,"AI, Machine Learning, Fintech, Business, DevOps, Security, Web Technology, Science, Technology, Engineering & Mathematics, Entrepreneurship, Startup",,,
Discount 優惠價,paid,,2019-07-31,2600,Normal / 一般,No. 不需要,M / 胸寬(F.W.): 50cm / 衣長(C.L.): 71cm,1 到 5 年,"Fintech, Business, DevOps, Security, Web Technology",工程師,Taiwan 台灣,Male / 男性
Discount 優惠價,paid,,2019-07-31,2600,Normal / 一般,No. 不需要,L / 胸寬(F.W.): 53cm / 衣長(C.L.): 73cm,1 到 5 年,"AI, Machine Learning, DevOps, Security, Science, Technology, Engineering & Mathematics, Education, Human Resource",Data engineer,Taiwan 台灣,Male / 男性
Discount 優惠價,paid,,2019-07-31,2600,Normal / 一般,No. 不需要,M / 胸寬(F.W.): 50cm / 衣長(C.L.): 71cm,1 年以內,"AI, Machine Learning, Fintech, Business, DevOps, Security, Web Technology, Science, Technology, Engineering & Mathematics",全端工程師,Taiwan 台灣,Male / 男性
Discount 優惠價,paid,,2019-07-31,2600,Normal / 一般,No. 不需要,M / 胸寬(F.W.): 50cm / 衣長(C.L.): 71cm,5 到 10 年,"AI, Machine Learning, Fintech, Business, Web Technology, Internet of Things",後端工程師,Taiwan 台灣,Male / 男性
Discount 優惠價,paid,,2019-07-31,2600,Normal / 一般,"Yes, Wait for the Bus at Nangang Expo Center. 需要, 會在南港展覽館候車",M / 胸寬(F.W.): 50cm / 衣長(C.L.): 71cm,1 到 5 年,"AI, Machine Learning, Science, Technology, Engineering & Mathematics, Entrepreneurship, Startup",專理,Taiwan 台灣,Male / 男性
Discount 優惠價,paid,,2019-07-31,2600,Normal / 一般,"Yes, Wait for the Bus at Nangang Expo Center. 需要, 會在南港展覽館候車",M / 胸寬(F.W.): 50cm / 衣長(C.L.): 71cm,1 到 5 年,"AI, Machine Learning, Web Technology, Science, Technology, Engineering & Mathematics, Internet of Things, Arts, Design, Multimedia",,,
Discount 優惠價,paid,,2019-07-31,2600,Normal / 一般,No. 不需要,M / 胸寬(F.W.): 50cm / 衣長(C.L.): 71cm,5 到 10 年,"DevOps, Security, Web Technology, Science, Technology, Engineering & Mathematics, Internet of Things, Sustainability, Health & Wellness",,Taiwan 台灣,Male / 男性
Discount 優惠價,paid,,2019-07-31,2600,Normal / 一般,"Yes, Wait for the Bus at Nangang Expo Center. 需要, 會在南港展覽館候車",M / 胸寬(F.W.): 50cm / 衣長(C.L.): 71cm,1 到 5 年,"AI, Machine Learning, DevOps, Security, Web Technology",,Taiwan 台灣,Male / 男性
Discount 優惠價,paid,,2019-07-31,2600,Normal / 一般,No. 不需要,XL / 胸寬(F.W.): 56cm / 衣長(C.L.): 75cm,1 到 5 年,"AI, Machine Learning, Internet of Things",全端工程師,Taiwan 台灣,Male / 男性
Discount 優惠價,paid,,2019-07-31,2600,Normal / 一般,No. 不需要,M / 胸寬(F.W.): 50cm / 衣長(C.L.): 71cm,5 到 10 年,"DevOps, Security, Web Technology, Internet of Things",Sr Backend Engineer,Taiwan 台灣,Male / 男性
Discount 優惠價,paid,,2019-07-31,2600,Normal / 一般,No. 不需要,L / 胸寬(F.W.): 53cm / 衣長(C.L.): 73cm,1 到 5 年,,,,
Discount 優惠價,paid,,2019-07-31,2600,Normal / 一般,"Yes, Wait for the Bus at Nangang Expo Center. 需要, 會在南港展覽館候車",XL / 胸寬(F.W.): 56cm / 衣長(C.L.): 75cm,10 到 20 年,"DevOps, Security, Web Technology, Internet of Things, Arts, Design, Multimedia",Engineer,Taiwan 台灣,Male / 男性
Discount 優惠價,paid,,2019-07-31,2600,Normal / 一般,No. 不需要,XL / 胸寬(F.W.): 56cm / 衣長(C.L.): 75cm,1 到 5 年,"Fintech, Business, DevOps, Security, Science, Technology, Engineering & Mathematics, Entrepreneurship, Startup",Senior back-end engineer,Taiwan 台灣,Male / 男性
Discount 優惠價,paid,,2019-07-31,2600,Normal / 一般,"Yes, Wait for the Bus at Nangang Expo Center. 需要, 會在南港展覽館候車",L / 胸寬(F.W.): 53cm / 衣長(C.L.): 73cm,1 年以內,"Science, Technology, Engineering & Mathematics",學生,Taiwan 台灣,Male / 男性
Discount 優惠價,paid,,2019-07-31,2600,Normal / 一般,No. 不需要,XL / 胸寬(F.W.): 56cm / 衣長(C.L.): 75cm,1 到 5 年,"Science, Technology, Engineering & Mathematics",經理,Taiwan 台灣,Male / 男性
Discount 優惠價,paid,,2019-07-31,2600,Normal / 一般,"Yes, Wait for the Bus at Nangang Expo Center. 需要, 會在南港展覽館候車",L / 胸寬(F.W.): 53cm / 衣長(C.L.): 73cm,1 到 5 年,"AI, Machine Learning, Fintech, Business, DevOps, Security, Web Technology, Science, Technology, Engineering & Mathematics, Entrepreneurship, Startup, Internet of Things",Software developer,Taiwan 台灣,Male / 男性
Discount 優惠價,paid,,2019-07-31,2600,Normal / 一般,No. 不需要,M / 胸寬(F.W.): 50cm / 衣長(C.L.): 71cm,1 到 5 年,"AI, Machine Learning, Web Technology, Science, Technology, Engineering & Mathematics",,Taiwan 台灣,Male / 男性
Discount 優惠價,paid,,2019-07-31,2600,Normal / 一般,"Yes, Wait for the Bus at Nangang Expo Center. 需要, 會在南港展覽館候車",2XL / 胸寬(F.W.): 58cm / 衣長(C.L.): 78cm,1 到 5 年,"DevOps, Security, Web Technology, Science, Technology, Engineering & Mathematics",Software Engineer,Taiwan 台灣,Male / 男性
Discount 優惠價,paid,,2019-07-31,2600,Normal / 一般,"Yes, Wait for the Bus at Nangang Expo Center. 需要, 會在南港展覽館候車",XL / 胸寬(F.W.): 56cm / 衣長(C.L.): 75cm,1 到 5 年,"AI, Machine Learning, DevOps, Security, Web Technology, Science, Technology, Engineering & Mathematics, Internet of Things",專任助理,,
Discount 優惠價,paid,,2019-07-31,2600,Normal / 一般,"Yes, Wait for the Bus at Nangang Expo Center. 需要, 會在南港展覽館候車",L / 胸寬(F.W.): 53cm / 衣長(C.L.): 73cm,5 到 10 年,"Web Technology, Science, Technology, Engineering & Mathematics, Internet of Things",Student,Taiwan 台灣,Male / 男性
Discount 優惠價,paid,,2019-07-31,2600,Normal / 一般,"Yes, Wait for the Bus at Nangang Expo Center. 需要, 會在南港展覽館候車",M / 胸寬(F.W.): 50cm / 衣長(C.L.): 71cm,5 到 10 年,"AI, Machine Learning, DevOps, Security, Web Technology, Internet of Things",,Taiwan 台灣,Male / 男性
Discount 優惠價,paid,,2019-07-31,2600,Normal / 一般,"Yes, Wait for the Bus at Nangang Expo Center. 需要, 會在南港展覽館候車",L / 胸寬(F.W.): 53cm / 衣長(C.L.): 73cm,1 年以內,"AI, Machine Learning, Fintech, Business, DevOps, Security, Web Technology, Science, Technology, Engineering & Mathematics, Internet of Things, Arts, Design, Multimedia",,,
Discount 優惠價,paid,,2019-07-31,2600,Normal / 一般,No. 不需要,L / 胸寬(F.W.): 53cm / 衣長(C.L.): 73cm,1 到 5 年,"AI, Machine Learning, DevOps, Security, Web Technology, Science, Technology, Engineering & Mathematics, Entrepreneurship, Startup, Internet of Things, Arts, Design, Multimedia",,Taiwan 台灣,Male / 男性
Discount 優惠價,paid,,2019-07-31,2600,Normal / 一般,No. 不需要,M / 胸寬(F.W.): 50cm / 衣長(C.L.): 71cm,10 到 20 年,"Science, Technology, Engineering & Mathematics, Internet of Things, Education, Human Resource, Arts, Design, Multimedia",,Japan 日本,Male / 男性
Discount 優惠價,paid,,2019-07-31,2600,Normal / 一般,No. 不需要,2XL / 胸寬(F.W.): 58cm / 衣長(C.L.): 78cm,10 到 20 年,"AI, Machine Learning, DevOps, Security, Internet of Things",Vice general manager,Taiwan 台灣,Male / 男性
Discount 優惠價,paid,,2019-07-31,2600,Normal / 一般,No. 不需要,L / 胸寬(F.W.): 53cm / 衣長(C.L.): 73cm,1 年以內,,,,
Discount 優惠價,paid,,2019-07-31,2600,Normal / 一般,No. 不需要,S / 胸寬(F.W.): 48cm / 衣長(C.L.): 68cm,,"Fintech, Business, DevOps, Security",,,
Discount 優惠價,paid,,2019-07-31,2600,Normal / 一般,"Yes, Wait for the Bus at Nangang Expo Center. 需要, 會在南港展覽館候車",S / 胸寬(F.W.): 48cm / 衣長(C.L.): 68cm,1 到 5 年,"AI, Machine Learning, Science, Technology, Engineering & Mathematics",IT,,
Discount 優惠價,paid,,2019-07-31,2600,Normal / 一般,No. 不需要,L / 胸寬(F.W.): 53cm / 衣長(C.L.): 73cm,1 年以內,"AI, Machine Learning, Fintech, Business, Science, Technology, Engineering & Mathematics, Entrepreneurship, Startup, Internet of Things",Tech. Manager,Taiwan 台灣,Male / 男性
Discount 優惠價,paid,,2019-07-31,2600,Normal / 一般,"Yes, Wait for the Bus at Nangang Expo Center. 需要, 會在南港展覽館候車",L / 胸寬(F.W.): 53cm / 衣長(C.L.): 73cm,1 年以內,"AI, Machine Learning, Fintech, Business, Science, Technology, Engineering & Mathematics, Internet of Things, Sustainability, Health & Wellness",,Taiwan 台灣,Male / 男性
Discount 優惠價,paid,,2019-07-31,2600,Normal / 一般,"Yes, Wait for the Bus at Nangang Expo Center. 需要, 會在南港展覽館候車",S / 胸寬(F.W.): 48cm / 衣長(C.L.): 68cm,1 到 5 年,"AI, Machine Learning",IT,Taiwan 台灣,Male / 男性
Discount 優惠價,paid,,2019-07-31,2600,Normal / 一般,"Yes, Wait for the Bus at Nangang Expo Center. 需要, 會在南港展覽館候車",M / 胸寬(F.W.): 50cm / 衣長(C.L.): 71cm,1 到 5 年,"AI, Machine Learning, DevOps, Security",,,
Discount 優惠價,paid,,2019-07-31,2600,Normal / 一般,"Yes, Wait for the Bus at Nangang Expo Center. 需要, 會在南港展覽館候車",2XL / 胸寬(F.W.): 58cm / 衣長(C.L.): 78cm,5 到 10 年,"AI, Machine Learning, DevOps, Security, Web Technology, Science, Technology, Engineering & Mathematics, Entrepreneurship, Startup",Engineers,Taiwan 台灣,Male / 男性
Discount 優惠價,paid,,2019-07-31,2600,Normal / 一般,"Yes, Wait for the Bus at Nangang Expo Center. 需要, 會在南港展覽館候車",XL / 胸寬(F.W.): 56cm / 衣長(C.L.): 75cm,1 到 5 年,"AI, Machine Learning, DevOps, Security, Web Technology, Internet of Things",Sr. Engineer,Taiwan 台灣,Male / 男性
Discount 優惠價,paid,,2019-07-31,2600,Normal / 一般,No. 不需要,L / 胸寬(F.W.): 53cm / 衣長(C.L.): 73cm,5 到 10 年,"AI, Machine Learning, DevOps, Security, Science, Technology, Engineering & Mathematics",Staff Engineer,Taiwan 台灣,Male / 男性
Discount 優惠價,paid,,2019-07-31,2600,Vegetarian / 素食者,"Yes, Wait for the Bus at Nangang Expo Center. 需要, 會在南港展覽館候車",M / 胸寬(F.W.): 50cm / 衣長(C.L.): 71cm,1 到 5 年,"AI, Machine Learning, Science, Technology, Engineering & Mathematics",Senior Engineer,Taiwan 台灣,Female / 女性
Discount 優惠價,paid,,2019-07-31,2600,Normal / 一般,"Yes, Wait for the Bus at Nangang Expo Center. 需要, 會在南港展覽館候車",M / 胸寬(F.W.): 50cm / 衣長(C.L.): 71cm,1 到 5 年,"AI, Machine Learning, DevOps, Security, Web Technology, Science, Technology, Engineering & Mathematics, Internet of Things, Education, Human Resource, Arts, Design, Multimedia, Sustainability, Health & Wellness",,Japan 日本,Male / 男性
Discount 優惠價,paid,,2019-07-31,2600,Normal / 一般,"Yes, Wait for the Bus at Nangang Expo Center. 需要, 會在南港展覽館候車",S / 胸寬(F.W.): 48cm / 衣長(C.L.): 68cm,1 到 5 年,"Science, Technology, Engineering & Mathematics",Engineer,Japan 日本,Female / 女性
Discount 優惠價,paid,,2019-07-31,2600,Normal / 一般,"Yes, Wait for the Bus at Nangang Expo Center. 需要, 會在南港展覽館候車",L / 胸寬(F.W.): 53cm / 衣長(C.L.): 73cm,1 到 5 年,"AI, Machine Learning, Fintech, Business, DevOps, Security, Web Technology",,Taiwan 台灣,Male / 男性
Discount 優惠價,paid,,2019-08-01,2600,Normal / 一般,"Yes, Wait for the Bus at Nangang Expo Center. 需要, 會在南港展覽館候車",XL / 胸寬(F.W.): 56cm / 衣長(C.L.): 75cm,1 到 5 年,"AI, Machine Learning, Web Technology, Science, Technology, Engineering & Mathematics",學生,Taiwan 台灣,Male / 男性
Discount 優惠價,paid,,2019-07-31,2600,Normal / 一般,"Yes, Wait for the Bus at Nangang Expo Center. 需要, 會在南港展覽館候車",2XL / 胸寬(F.W.): 58cm / 衣長(C.L.): 78cm,1 年以內,"DevOps, Security, Web Technology, Science, Technology, Engineering & Mathematics, Entrepreneurship, Startup, Internet of Things",後端工程師,Taiwan 台灣,Male / 男性
Discount 優惠價,paid,,2019-07-31,2600,Normal / 一般,No. 不需要,S / 胸寬(F.W.): 48cm / 衣長(C.L.): 68cm,1 到 5 年,"AI, Machine Learning, Web Technology",software engineer,Taiwan 台灣,Female / 女性
Discount 優惠價,paid,,2019-07-31,2600,Normal / 一般,"Yes, Wait for the Bus at Nangang Expo Center. 需要, 會在南港展覽館候車",M / 胸寬(F.W.): 50cm / 衣長(C.L.): 71cm,1 到 5 年,"AI, Machine Learning, Science, Technology, Engineering & Mathematics, Internet of Things",,Taiwan 台灣,Male / 男性
Discount 優惠價,paid,,2019-07-31,2600,Normal / 一般,"Yes, Wait for the Bus at Nangang Expo Center. 需要, 會在南港展覽館候車",M / 胸寬(F.W.): 50cm / 衣長(C.L.): 71cm,,,,,
Discount 優惠價,paid,,2019-07-31,2600,Normal / 一般,No. 不需要,S / 胸寬(F.W.): 48cm / 衣長(C.L.): 68cm,1 到 5 年,"AI, Machine Learning, Fintech, Business, Web Technology",程式設計師,Taiwan 台灣,Female / 女性
Discount 優惠價,paid,,2019-08-01,2600,Normal / 一般,"Yes, Wait for the Bus at Nangang Expo Center. 需要, 會在南港展覽館候車",L / 胸寬(F.W.): 53cm / 衣長(C.L.): 73cm,1 到 5 年,,,,
Discount 優惠價,paid,,2019-07-31,2600,Normal / 一般,"Yes, Wait for the Bus at Nangang Expo Center. 需要, 會在南港展覽館候車",L / 胸寬(F.W.): 53cm / 衣長(C.L.): 73cm,1 年以內,"AI, Machine Learning, Web Technology, Science, Technology, Engineering & Mathematics, Internet of Things, Arts, Design, Multimedia",工程師,Taiwan 台灣,Male / 男性
Discount 優惠價,paid,,2019-07-31,2600,Vegetarian / 素食者,No. 不需要,M / 胸寬(F.W.): 50cm / 衣長(C.L.): 71cm,1 到 5 年,"AI, Machine Learning, Fintech, Business, Entrepreneurship, Startup",,Singapore or Malaysia 新加坡/馬來西亞,Male / 男性
Discount 優惠價,paid,,2019-07-31,2600,Normal / 一般,No. 不需要,L / 胸寬(F.W.): 53cm / 衣長(C.L.): 73cm,1 年以內,"AI, Machine Learning, DevOps, Security, Web Technology, Science, Technology, Engineering & Mathematics",,,
Discount 優惠價,paid,,2019-07-31,2600,Normal / 一般,"Yes, Wait for the Bus at Nangang Expo Center. 需要, 會在南港展覽館候車",XL / 胸寬(F.W.): 56cm / 衣長(C.L.): 75cm,5 到 10 年,"DevOps, Security, Web Technology, Internet of Things",總經理,Taiwan 台灣,Male / 男性
Discount 優惠價,paid,,2019-07-31,2600,Normal / 一般,"Yes, Wait for the Bus at Nangang Expo Center. 需要, 會在南港展覽館候車",XL / 胸寬(F.W.): 56cm / 衣長(C.L.): 75cm,5 到 10 年,"AI, Machine Learning, Fintech, Business, DevOps, Security",資深工程師,Taiwan 台灣,Male / 男性
Discount 優惠價,paid,,2019-07-31,2600,Normal / 一般,No. 不需要,3XL / 胸寬(F.W.): 60cm / 衣長(C.L.): 80cm,1 到 5 年,"AI, Machine Learning, DevOps, Security, Science, Technology, Engineering & Mathematics",Tech. Manager,Taiwan 台灣,Male / 男性
Discount 優惠價,paid,,2019-08-01,2600,Normal / 一般,"Yes, Wait for the Bus at Nangang Expo Center. 需要, 會在南港展覽館候車",M / 胸寬(F.W.): 50cm / 衣長(C.L.): 71cm,5 到 10 年,"DevOps, Security, Web Technology",軟體工程師,Taiwan 台灣,Male / 男性
Discount 優惠價,paid,,2019-07-31,2600,Normal / 一般,No. 不需要,M / 胸寬(F.W.): 50cm / 衣長(C.L.): 71cm,1 到 5 年,"AI, Machine Learning",學生,Taiwan 台灣,Male / 男性
Discount 優惠價,paid,,2019-07-31,2600,Normal / 一般,"Yes, Wait for the Bus at Nangang Expo Center. 需要, 會在南港展覽館候車",XL / 胸寬(F.W.): 56cm / 衣長(C.L.): 75cm,1 到 5 年,"AI, Machine Learning, DevOps, Security, Web Technology, Entrepreneurship, Startup, Internet of Things",,Taiwan 台灣,Male / 男性
Discount 優惠價,paid,,2019-07-31,2600,Normal / 一般,"Yes, Wait for the Bus at Nangang Expo Center. 需要, 會在南港展覽館候車",XS / 胸寬(F.W.): 46cm / 衣長(C.L.): 66cm,1 到 5 年,"AI, Machine Learning, DevOps, Security, Web Technology, Science, Technology, Engineering & Mathematics",,,
Discount 優惠價,paid,,2019-07-31,2600,Normal / 一般,"Yes, Wait for the Bus at Nangang Expo Center. 需要, 會在南港展覽館候車",2XL / 胸寬(F.W.): 58cm / 衣長(C.L.): 78cm,1 到 5 年,"AI, Machine Learning, Fintech, Business",,Taiwan 台灣,Male / 男性
Discount 優惠價,paid,,2019-07-31,2600,Normal / 一般,"Yes, Wait for the Bus at Nangang Expo Center. 需要, 會在南港展覽館候車",M / 胸寬(F.W.): 50cm / 衣長(C.L.): 71cm,1 到 5 年,"AI, Machine Learning, Science, Technology, Engineering & Mathematics, Sustainability, Health & Wellness",資料分析工程師,Taiwan 台灣,Female / 女性
Discount 優惠價,paid,,2019-07-31,2600,Normal / 一般,No. 不需要,XL / 胸寬(F.W.): 56cm / 衣長(C.L.): 75cm,1 到 5 年,"AI, Machine Learning, DevOps, Security, Web Technology, Science, Technology, Engineering & Mathematics",通訊研發工程師,Taiwan 台灣,Male / 男性
Discount 優惠價,paid,,2019-07-31,2600,Normal / 一般,No. 不需要,S / 胸寬(F.W.): 48cm / 衣長(C.L.): 68cm,1 年以內,"AI, Machine Learning, Web Technology, Internet of Things, Arts, Design, Multimedia",iOS Engineer,Taiwan 台灣,Male / 男性
Discount 優惠價,paid,,2019-07-31,2600,Normal / 一般,"Yes, Wait for the Bus at Nangang Expo Center. 需要, 會在南港展覽館候車",2XL / 胸寬(F.W.): 58cm / 衣長(C.L.): 78cm,1 到 5 年,"AI, Machine Learning, Web Technology, Science, Technology, Engineering & Mathematics",副工程師,Taiwan 台灣,Male / 男性
Discount 優惠價,paid,,2019-07-31,2600,Normal / 一般,"Yes, Wait for the Bus at Nangang Expo Center. 需要, 會在南港展覽館候車",S / 胸寬(F.W.): 48cm / 衣長(C.L.): 68cm,1 到 5 年,"DevOps, Security, Science, Technology, Engineering & Mathematics",後端工程師,Taiwan 台灣,Male / 男性
Discount 優惠價,paid,,2019-08-01,2600,Normal / 一般,"Yes, Wait for the Bus at Nangang Expo Center. 需要, 會在南港展覽館候車",M / 胸寬(F.W.): 50cm / 衣長(C.L.): 71cm,1 到 5 年,"AI, Machine Learning, Web Technology, Internet of Things, Sustainability, Health & Wellness",研究助理,Taiwan 台灣,Male / 男性
Discount 優惠價,paid,,2019-07-31,2600,Normal / 一般,No. 不需要,L / 胸寬(F.W.): 53cm / 衣長(C.L.): 73cm,5 到 10 年,"AI, Machine Learning, Fintech, Business, DevOps, Security, Science, Technology, Engineering & Mathematics",Sr. Engineer,Taiwan 台灣,Male / 男性
Discount 優惠價,paid,,2019-08-01,2600,Normal / 一般,No. 不需要,2XL / 胸寬(F.W.): 58cm / 衣長(C.L.): 78cm,5 到 10 年,"AI, Machine Learning, DevOps, Security, Science, Technology, Engineering & Mathematics, Education, Human Resource",QA,Taiwan 台灣,Male / 男性
Discount 優惠價,paid,,2019-07-31,2600,Normal / 一般,No. 不需要,L / 胸寬(F.W.): 53cm / 衣長(C.L.): 73cm,1 年以內,"Web Technology, Science, Technology, Engineering & Mathematics, Internet of Things",Software Englineer,Taiwan 台灣,Male / 男性
Discount 優惠價,paid,,2019-07-31,2600,Normal / 一般,"Yes, Wait for the Bus at Nangang Expo Center. 需要, 會在南港展覽館候車",L / 胸寬(F.W.): 53cm / 衣長(C.L.): 73cm,5 到 10 年,"Fintech, Business, DevOps, Security, Web Technology",Engineer,Taiwan 台灣,Male / 男性
Discount 優惠價,paid,,2019-07-31,2600,Normal / 一般,No. 不需要,L / 胸寬(F.W.): 53cm / 衣長(C.L.): 73cm,1 到 5 年,"DevOps, Security",Tools Development Engineer,Taiwan 台灣,Male / 男性
Discount 優惠價,paid,,2019-07-31,2600,Normal / 一般,"Yes, Wait for the Bus at Nangang Expo Center. 需要, 會在南港展覽館候車",L / 胸寬(F.W.): 53cm / 衣長(C.L.): 73cm,1 到 5 年,"Fintech, Business, Web Technology, Entrepreneurship, Startup, Internet of Things",Engineer,Taiwan 台灣,Male / 男性
Discount 優惠價,paid,,2019-07-31,2600,Normal / 一般,No. 不需要,S / 胸寬(F.W.): 48cm / 衣長(C.L.): 68cm,1 到 5 年,"AI, Machine Learning, Fintech, Business, DevOps, Security, Entrepreneurship, Startup, Internet of Things",Data Engineer,Taiwan 台灣,Male / 男性
Discount 優惠價,paid,,2019-07-31,2600,Normal / 一般,No. 不需要,M / 胸寬(F.W.): 50cm / 衣長(C.L.): 71cm,1 年以內,"DevOps, Security, Web Technology",Sr. Backend Developer,Taiwan 台灣,Male / 男性
Discount 優惠價,paid,,2019-07-31,2600,Normal / 一般,No. 不需要,L / 胸寬(F.W.): 53cm / 衣長(C.L.): 73cm,1 到 5 年,"AI, Machine Learning, Fintech, Business, DevOps, Security, Science, Technology, Engineering & Mathematics",Technical manager,Taiwan 台灣,Male / 男性
Discount 優惠價,paid,,2019-07-31,2600,Normal / 一般,No. 不需要,XL / 胸寬(F.W.): 56cm / 衣長(C.L.): 75cm,1 年以內,"AI, Machine Learning, Internet of Things",student,Taiwan 台灣,Male / 男性
Discount 優惠價,paid,,2019-07-31,2600,Vegetarian / 素食者,"Yes, Wait for the Bus at Nangang Expo Center. 需要, 會在南港展覽館候車",XL / 胸寬(F.W.): 56cm / 衣長(C.L.): 75cm,5 到 10 年,"AI, Machine Learning, Fintech, Business, Science, Technology, Engineering & Mathematics, Education, Human Resource, Sustainability, Health & Wellness",Project mamager,Taiwan 台灣,Male / 男性
Discount 優惠價,paid,,2019-07-31,2600,Normal / 一般,No. 不需要,L / 胸寬(F.W.): 53cm / 衣長(C.L.): 73cm,10 到 20 年,"AI, Machine Learning, Fintech, Business, DevOps, Security, Web Technology, Science, Technology, Engineering & Mathematics, Entrepreneurship, Startup, Internet of Things, Education, Human Resource, Arts, Design, Multimedia, Sustainability, Health & Wellness",CTO,Japan 日本,Male / 男性
Discount 優惠價,paid,,2019-07-31,2600,Normal / 一般,No. 不需要,L / 胸寬(F.W.): 53cm / 衣長(C.L.): 73cm,1 到 5 年,"AI, Machine Learning, DevOps, Security, Web Technology, Science, Technology, Engineering & Mathematics",,Taiwan 台灣,Male / 男性
Discount 優惠價,paid,,2019-07-31,2600,Normal / 一般,No. 不需要,XL / 胸寬(F.W.): 56cm / 衣長(C.L.): 75cm,1 到 5 年,"AI, Machine Learning, DevOps, Security, Web Technology, Science, Technology, Engineering & Mathematics, Entrepreneurship, Startup, Education, Human Resource",Backend Developer,Taiwan 台灣,Male / 男性
Discount 優惠價,paid,,2019-07-31,2600,Normal / 一般,"Yes, Wait for the Bus at Nangang Expo Center. 需要, 會在南港展覽館候車",2XL / 胸寬(F.W.): 58cm / 衣長(C.L.): 78cm,1 年以內,"AI, Machine Learning, Fintech, Business",ENGINEER,Taiwan 台灣,Male / 男性
Discount 優惠價,paid,,2019-07-31,2600,Normal / 一般,No. 不需要,2XL / 胸寬(F.W.): 58cm / 衣長(C.L.): 78cm,1 年以內,"AI, Machine Learning, Internet of Things",學生,Taiwan 台灣,Male / 男性
Discount 優惠價,paid,,2019-07-31,2600,Normal / 一般,No. 不需要,XL / 胸寬(F.W.): 56cm / 衣長(C.L.): 75cm,1 年以內,"AI, Machine Learning, DevOps, Security, Internet of Things",學生,Taiwan 台灣,Male / 男性
Discount 優惠價,paid,,2019-07-31,2600,Normal / 一般,No. 不需要,M / 胸寬(F.W.): 50cm / 衣長(C.L.): 71cm,1 到 5 年,"DevOps, Security, Web Technology, Sustainability, Health & Wellness",,Taiwan 台灣,Male / 男性
