id,title,category,python_level,duration,language,name,email
883329245932159294,"Wait, IPython Can Do That?",LIBS,INTERMEDIATE,PREF30,ENEN,Sebastian Witowski,sebawitowski@yahoo.com
871864096805355836,PEP 572: The Walrus Operator,CORE,NOVICE,PREF30,ENEN,Dustin Ingram,di@python.org
871233384901247285,Draw Me Like One of Your French Girls — Generative Models in Python,SCI,INTERMEDIATE,PREF45,ENEN,Prakhar Srivastava,srivastavaprakhar1@gmail.com
871074090805362995,Data Visualization and Machine Learning — Using Python Modules to Solve Phylogenetics in Cancer Evolution,DATA,INTERMEDIATE,PREF30,ENEN,Liting Chen,litingchen16@gmail.com
871064955946795313,Py 車達人,IOT,INTERMEDIATE,PREF30,ZHZH,Malo,maloyang@gmail.com
871027341084590380,Practicing Statistics in Python: Hypothesis Testing,DATA,INTERMEDIATE,PREF45,ZHEN,Mosky Liu,mosky.tw@gmail.com
870976375777919273,Small-scale Infrastructure Management with Python-based Tools,ADMIN,INTERMEDIATE,PREF45,ENEN,SHY,shunghsiyu@gmail.com
870933546439541030,How Pythoneers Stop Worrying About Excel Reports,DATA,NOVICE,PREF30,ZHEN,Wei-Yen Bruce Lin,forlway@gmail.com
870851995613790498,Probabilistic Programming Using TensorFlow Probability,DATA,INTERMEDIATE,PREF30,ENEN,Niladri Shekhar Dutt,niladrishekhardutt@gmail.com
870784302885896480,Python Profilers We Built for Efficiency,PRAC,INTERMEDIATE,PREF30,ENEN,Jimmy Lai,yurinai@gmail.com
870681334417195293,驢車 (Donkey Car)，一個基於 Raspberry Pi 與機器學習的自走車專案介紹,EMBED,NOVICE,PREF30,ZHZH,sosorry,sorry702@gmail.com
870673724615950620,Python and SQLs: How I Create Universal SQL CLI Client using PEP 249 standards,DB,INTERMEDIATE,PREF30,ENEN,Ing Wei Tang,tangingw.pyconmy@gmail.com
870602097756733723,用 Python 拉近群眾與星空的距離：Astrohackers in Taiwan 社群介紹,COM,NOVICE,PREF30,ZHZH,蘇羿豪,astrobackhacker@gmail.com
870313244957344025,The Python Spirit Behind LED Glasses (LED 眼鏡背後的蟒蛇魂),OTHER,INTERMEDIATE,PREF30,ZHEN,Chiung-ting Chen,ctchen@gmail.com
870304575272255768,Build and Host Real-world Machine Learning Services from Scratch,PRAC,INTERMEDIATE,PREF45,ZHEN,曾君宇,excusemejoe@gmail.com
870171889119527188,Develop Numerical Software,SCI,EXPERIENCED,NOPREF,ENEN,Yung-Yu Chen,yyc@solvcon.net
870135693811122451,利用 Python 預測風力發電量,DATA,INTERMEDIATE,PREF30,ZHZH,陳律閎,luhung.chen@gmail.com
870099129588515090,Getting Started with Sparse Modeling Using spm-image,DATA,INTERMEDIATE,PREF30,ENEN,Takashi Someda,takashi@hacarus.com
870084737983578385,Real-Time Automatic Accompaniment Implementation in Python,SCI,NOVICE,PREF45,ZHEN,范斯越 Szu-Yueh Fan,szuyueh.fan@gmail.com
869991605006762255,BI 前的悲哀—那些 User 所謂的 Big(?) Data,PRAC,INTERMEDIATE,PREF30,ZHEN,高振倫,joekaojoekao@gmail.com
869964749792608525,Doujin Activity in Japan with Ren’Py,GAME,NOVICE,PREF30,ENEN,Daisuke Saito,admin@snowy-cat.com
869561901162430732,Python 在 Data for Social Good 領域常見的應用,DATA,NOVICE,PREF45,ZHZH,Ning Chen,ningchencontact@gmail.com
868105072163160324,"GraphQL with Graphene and Django, Laughters and Tears",PRAC,INTERMEDIATE,PREF30,ZHEN,Keith Yang,yang+pycontw@keitheis.org
867761633844265217,Async Context Manager for Python 3.7,LIBS,INTERMEDIATE,PREF45,ZHEN,Sammy Wen,gamekingga@gmail.com
867757593848709376,打造面向金融場景的中文自然語言理解引擎,FIN,INTERMEDIATE,PREF30,ZHEN,陳皓遠,truecirclely@gmail.com
867391723972591871,Sim-to-Real：用物理引擎打造能虛實轉移的機器人,GAME,INTERMEDIATE,PREF45,ZHZH,Jiawei Chen,sk413025@gmail.com
865920771057254646,How to Transform Research Oriented Code into Machine Learning APIs with Python,PRAC,INTERMEDIATE,PREF30,ENEN,Tetsuya Jesse Hirata,zaiyastudent@gmail.com
865701685220081908,工業 4.0—CNC 刀具健康監測,PRAC,INTERMEDIATE,PREF30,ZHZH,張楦涵,judychang53@gmail.com
865694486351577331,The Art of Inference: Practicing Bayesian Reasoning in Computer Vision Problems,GRAPH,INTERMEDIATE,PREF45,ENEN,Yen-Hsun Lin,yenhsun@phys.ncku.edu.tw
864922598880837873,Click Click Boom! Bombs Over Our Mind!,EDU,INTERMEDIATE,PREF30,ENEN,KunYu Chen,xspiritualx@gmail.com
864495532884623600,Useful Tools to Explain ML Models,DATA,INTERMEDIATE,PREF45,ZHEN,Jack Pan,ej04xjp6@gmail.com
863242861355729134,Using Lucid to Visualize Neural Networks,DATA,EXPERIENCED,PREF30,ENEN,Yufeng Guo,g.yufeng@gmail.com
860258210542518501,The Software Engineering Part of Data Science,PRAC,INTERMEDIATE,PREF45,ENEN,Niño R. Eclarin,nreclarin@gmail.com
852751430614778081,寫個能幹的中文斷詞系統,SCI,INTERMEDIATE,PREF45,ZHZH,PeterWolf,peter.w@droidtown.co
852669050231193824,你到底匯還是不匯？（當爬蟲遇上外匯…）,FIN,NOVICE,PREF30,ZHEN,Kilik Kuo,kilik.kuo@gmail.com
852243172472914143,Building Data Pipelines on Apache NiFi with Python,OTHER,INTERMEDIATE,PREF45,ZHEN,Shuhsi Lin,sucitw@gmail.com
851977095792820446,"Honey, There Is a Python in My Android Phone!",EMBED,INTERMEDIATE,PREF30,ENEN,Ing Wei Tang,tangingw.pyconmy@gmail.com
848945100682690780,Automate the Boring Stuff with Slackbot,LIBS,INTERMEDIATE,PREF30,ENEN,Takanori Suzuki,takanory.net@gmail.com
842863596995084501,Understanding Multithreading by Deciphering the CPython Interpreter Source Code.,INTNL,EXPERIENCED,PREF45,ENEN,Chirag Shah,chiragshah9696@gmail.com
841873489005641938,Introduction to Deep Probabilistic Programming with Pyro,DATA,INTERMEDIATE,PREF30,ZHEN,柯維然,ts771164@gmail.com
839036452602904785,The str/bytes Nightmare Before the Python 2 EOL,CORE,NOVICE,PREF30,ENEN,Kir Chou,610548@gmail.com
830493864153317584,async def Serial() await Serial_connection,CORE,EXPERIENCED,PREF30,ZHZH,Jason,chairco@gmail.com
